Key,Resort,Park,Park Type,Area / Land,Activity Type,Activity,Subtype,Intensity,Required Admission / Ticket,Optional Fast Access / Pass,Reservation / Additional Payment,Included With Admission?,Status / Seasonality,Lightning Lane Type,Premier Pass Included?,Included in Multi Pass?,Separate Single Pass Purchase Required?,Extra Cost Beyond Multi Pass?,Last Verified,opened_year,duration_minutes,max_speed_kmh,inversions,big_drops,spinning,environment,air_conditioned,is_motion_simulator,uses_large_screens_or_3d,height_requirement_cm,gets_wet,wheelchair,motion_sickness_warning,sens_enclosed_dark,sens_heights,sens_loud_sudden,sens_strobe,name_he,aliases_he
Magic Kingdom|Attraction|Astro Orbiter,Disney World,Magic Kingdom,Theme Park,Tomorrowland,Attraction,Astro Orbiter,Spinner,1,Valid admission to Magic Kingdom. Park Hopper is NOT required unless you plan to visit another Disney theme park the same day.,No current Lightning Lane Multi Pass or Single Pass access.,No separate attraction reservation required. Disney currently lists no active virtual queues; check My Disney Experience just before the visit because this can change.,Yes,Open / current,None,No,No,No,N/A – no Lightning Lane product currently offered for this experience.,2026-08-25,1994,2,N/A,N/A,FALSE,TRUE,outdoor,FALSE,FALSE,FALSE,none,none,transfer_to_ride_vehicle,TRUE,FALSE,TRUE,TRUE,FALSE,אסטרו אורביטר,אסטרו
Magic Kingdom|Attraction|The Barnstormer,Disney World,Magic Kingdom,Theme Park,Fantasyland / Storybook Circus,Attraction,The Barnstormer,Family coaster,1,Valid admission to Magic Kingdom. Park Hopper is NOT required unless you plan to visit another Disney theme park the same day.,Lightning Lane Multi Pass. Included within Multi Pass; no separate per-attraction Single Pass purchase required. Also included with Premier Pass.,No separate attraction reservation required. Disney currently lists no active virtual queues; check My Disney Experience just before the visit because this can change.,Yes,Open / current,Multi Pass,Yes,Yes,No,No – included within the paid Multi Pass product; no separate per-attraction purchase.,2026-08-25,2012,1,40,0,FALSE,FALSE,outdoor,FALSE,FALSE,FALSE,89,none,transfer_to_ride_vehicle,FALSE,FALSE,FALSE,TRUE,FALSE,דה בארנסטורמר,בארנסטורמר
Magic Kingdom|Attraction|Big Thunder Mountain Railroad,Disney World,Magic Kingdom,Theme Park,Frontierland,Attraction,Big Thunder Mountain Railroad,Roller coaster,2,Valid admission to Magic Kingdom. Park Hopper is NOT required unless you plan to visit another Disney theme park the same day.,Lightning Lane Multi Pass. Included within Multi Pass; no separate per-attraction Single Pass purchase required. Also included with Premier Pass.,No separate attraction reservation required. Disney currently lists no active virtual queues; check My Disney Experience just before the visit because this can change.,Yes,Open / current,Multi Pass,Yes,Yes,No,No – included within the paid Multi Pass product; no separate per-attraction purchase.,2026-08-24,1980,4,58,0,TRUE,FALSE,outdoor,FALSE,FALSE,FALSE,97,may_get_wet,transfer_wheelchair_then_ride,TRUE,TRUE,TRUE,TRUE,FALSE,ביג ת'אנדר מאונטיין ריילרוד,ביג ת'אנדר
Magic Kingdom|Attraction|Buzz Lightyear's Space Ranger Spin,Disney World,Magic Kingdom,Theme Park,Tomorrowland,Attraction,Buzz Lightyear's Space Ranger Spin,Interactive dark ride,1,Valid admission to Magic Kingdom. Park Hopper is NOT required unless you plan to visit another Disney theme park the same day.,Lightning Lane Multi Pass. Included within Multi Pass; no separate per-attraction Single Pass purchase required. Also included with Premier Pass.,No separate attraction reservation required. Disney currently lists no active virtual queues; check My Disney Experience just before the visit because this can change.,Yes,Open / current,Multi Pass,Yes,Yes,No,No – included within the paid Multi Pass product; no separate per-attraction purchase.,2026-08-24,1998,5,N/A,N/A,FALSE,TRUE,indoor,TRUE,FALSE,FALSE,none,none,transfer_ecv_to_wheelchair,FALSE,FALSE,FALSE,TRUE,FALSE,באז לייטיירס ספייס ריינג'ר ספין,באז לייטייר
Magic Kingdom|Attraction|Casey Jr. Splash 'N' Soak Station,Disney World,Magic Kingdom,Theme Park,Fantasyland / Storybook Circus,Attraction,Casey Jr. Splash 'N' Soak Station,Water play area,1,Valid admission to Magic Kingdom. Park Hopper is NOT required unless you plan to visit another Disney theme park the same day.,No current Lightning Lane Multi Pass or Single Pass access.,No separate attraction reservation required. Disney currently lists no active virtual queues; check My Disney Experience just before the visit because this can change.,Yes,Open / current,None,No,No,No,N/A – no Lightning Lane product currently offered for this experience.,2026-08-24,2012,N/A,N/A,N/A,N/A,N/A,outdoor,N/A,N/A,N/A,none,may_get_soaked,remain_in_wheelchair,FALSE,FALSE,FALSE,FALSE,FALSE,קייסי ג'וניור ספלאש אנד סוק סטיישן,קייסי ג'וניור
Magic Kingdom|Attraction|Dumbo the Flying Elephant,Disney World,Magic Kingdom,Theme Park,Fantasyland / Storybook Circus,Attraction,Dumbo the Flying Elephant,Spinner,1,Valid admission to Magic Kingdom. Park Hopper is NOT required unless you plan to visit another Disney theme park the same day.,Lightning Lane Multi Pass. Included within Multi Pass; no separate per-attraction Single Pass purchase required. Also included with Premier Pass.,No separate attraction reservation required. Disney currently lists no active virtual queues; check My Disney Experience just before the visit because this can change.,Yes,Open / current,Multi Pass,Yes,Yes,No,No – included within the paid Multi Pass product; no separate per-attraction purchase.,2026-08-24,1971,2,N/A,N/A,FALSE,TRUE,outdoor,FALSE,FALSE,FALSE,none,none,transfer_to_ride_vehicle,FALSE,FALSE,FALSE,FALSE,FALSE,דמבו דה פליינג אלפנט,דמבו
Magic Kingdom|Attraction|Enchanted Tales with Belle,Disney World,Magic Kingdom,Theme Park,Fantasyland,Attraction,Enchanted Tales with Belle,Walk-through,1,Valid admission to Magic Kingdom. Park Hopper is NOT required unless you plan to visit another Disney theme park the same day.,No current Lightning Lane Multi Pass or Single Pass access.,No separate attraction reservation required. Disney currently lists no active virtual queues; check My Disney Experience just before the visit because this can change.,Yes,Open / current,None,No,No,No,N/A – no Lightning Lane product currently offered for this experience.,2026-08-24,2012,20,N/A,N/A,N/A,N/A,indoor,TRUE,N/A,FALSE,none,none,transfer_ecv_to_wheelchair,FALSE,TRUE,FALSE,FALSE,FALSE,אנצ'נטד טיילס וית' בל,אנצ'נטד טיילס
Magic Kingdom|Attraction|Haunted Mansion,Disney World,Magic Kingdom,Theme Park,Liberty Square,Attraction,Haunted Mansion,Dark ride,1,Valid admission to Magic Kingdom. Park Hopper is NOT required unless you plan to visit another Disney theme park the same day.,Lightning Lane Multi Pass. Included within Multi Pass; no separate per-attraction Single Pass purchase required. Also included with Premier Pass.,No separate attraction reservation required. Disney currently lists no active virtual queues; check My Disney Experience just before the visit because this can change.,Yes,Open / current,Multi Pass,Yes,Yes,No,No – included within the paid Multi Pass product; no separate per-attraction purchase.,2026-08-24,1971,8,N/A,N/A,FALSE,FALSE,indoor,TRUE,FALSE,FALSE,none,none,transfer_to_ride_vehicle,FALSE,TRUE,FALSE,FALSE,FALSE,האונטד מנשן,מנשן
Magic Kingdom|Attraction|it's a small world,Disney World,Magic Kingdom,Theme Park,Fantasyland,Attraction,it's a small world,Boat ride,1,Valid admission to Magic Kingdom. Park Hopper is NOT required unless you plan to visit another Disney theme park the same day.,Lightning Lane Multi Pass. Included within Multi Pass; no separate per-attraction Single Pass purchase required. Also included with Premier Pass.,No separate attraction reservation required. Disney currently lists no active virtual queues; check My Disney Experience just before the visit because this can change.,Yes,Open / current,Multi Pass,Yes,Yes,No,No – included within the paid Multi Pass product; no separate per-attraction purchase.,2026-08-24,1971,11,N/A,N/A,FALSE,FALSE,indoor,TRUE,FALSE,FALSE,none,none,transfer_ecv_to_wheelchair,FALSE,FALSE,FALSE,FALSE,FALSE,איטס א סמול וורלד,סמול וורלד
Magic Kingdom|Attraction|Jungle Cruise,Disney World,Magic Kingdom,Theme Park,Adventureland,Attraction,Jungle Cruise,Boat ride,1,Valid admission to Magic Kingdom. Park Hopper is NOT required unless you plan to visit another Disney theme park the same day.,Lightning Lane Multi Pass. Included within Multi Pass; no separate per-attraction Single Pass purchase required. Also included with Premier Pass.,No separate attraction reservation required. Disney currently lists no active virtual queues; check My Disney Experience just before the visit because this can change.,Yes,Open / current,Multi Pass,Yes,Yes,No,No – included within the paid Multi Pass product; no separate per-attraction purchase.,2026-08-24,1971,10,N/A,N/A,FALSE,FALSE,outdoor,FALSE,FALSE,FALSE,none,may_get_wet,remain_in_wheelchair,FALSE,FALSE,FALSE,TRUE,FALSE,ג'אנגל קרוז,ג'אנגל
Magic Kingdom|Attraction|Mad Tea Party,Disney World,Magic Kingdom,Theme Park,Fantasyland,Attraction,Mad Tea Party,Spinner,1,Valid admission to Magic Kingdom. Park Hopper is NOT required unless you plan to visit another Disney theme park the same day.,Lightning Lane Multi Pass. Included within Multi Pass; no separate per-attraction Single Pass purchase required. Also included with Premier Pass.,No separate attraction reservation required. Disney currently lists no active virtual queues; check My Disney Experience just before the visit because this can change.,Yes,Open / current,Multi Pass,Yes,Yes,No,No – included within the paid Multi Pass product; no separate per-attraction purchase.,2026-08-25,1971,2,N/A,N/A,FALSE,TRUE,outdoor,FALSE,FALSE,FALSE,none,none,transfer_to_ride_vehicle,TRUE,FALSE,FALSE,FALSE,FALSE,מאד טי פארטי,טי פארטי
Magic Kingdom|Attraction|The Magic Carpets of Aladdin,Disney World,Magic Kingdom,Theme Park,Adventureland,Attraction,The Magic Carpets of Aladdin,Spinner,1,Valid admission to Magic Kingdom. Park Hopper is NOT required unless you plan to visit another Disney theme park the same day.,Lightning Lane Multi Pass. Included within Multi Pass; no separate per-attraction Single Pass purchase required. Also included with Premier Pass.,No separate attraction reservation required. Disney currently lists no active virtual queues; check My Disney Experience just before the visit because this can change.,Yes,Open / current,Multi Pass,Yes,Yes,No,No – included within the paid Multi Pass product; no separate per-attraction purchase.,2026-08-24,2001,2,N/A,N/A,FALSE,TRUE,outdoor,FALSE,FALSE,FALSE,none,none,transfer_ecv_to_wheelchair,FALSE,FALSE,FALSE,FALSE,FALSE,דה מג'יק קרפטס אוף אלאדין,מג'יק קרפטס
Magic Kingdom|Attraction|The Many Adventures of Winnie the Pooh,Disney World,Magic Kingdom,Theme Park,Fantasyland,Attraction,The Many Adventures of Winnie the Pooh,Dark ride,1,Valid admission to Magic Kingdom. Park Hopper is NOT required unless you plan to visit another Disney theme park the same day.,Lightning Lane Multi Pass. Included within Multi Pass; no separate per-attraction Single Pass purchase required. Also included with Premier Pass.,No separate attraction reservation required. Disney currently lists no active virtual queues; check My Disney Experience just before the visit because this can change.,Yes,Open / current,Multi Pass,Yes,Yes,No,No – included within the paid Multi Pass product; no separate per-attraction purchase.,2026-08-24,1999,4,N/A,N/A,FALSE,FALSE,indoor,TRUE,FALSE,FALSE,none,none,transfer_ecv_to_wheelchair,FALSE,TRUE,FALSE,TRUE,TRUE,דה מני אדוונצ'רס אוף ויני דה פו,ויני דה פו
Magic Kingdom|Attraction|Peter Pan's Flight,Disney World,Magic Kingdom,Theme Park,Fantasyland,Attraction,Peter Pan's Flight,Dark ride,1,Valid admission to Magic Kingdom. Park Hopper is NOT required unless you plan to visit another Disney theme park the same day.,Lightning Lane Multi Pass. Included within Multi Pass; no separate per-attraction Single Pass purchase required. Also included with Premier Pass.,No separate attraction reservation required. Disney currently lists no active virtual queues; check My Disney Experience just before the visit because this can change.,Yes,Open / current,Multi Pass,Yes,Yes,No,No – included within the paid Multi Pass product; no separate per-attraction purchase.,2026-08-24,1971,3,N/A,N/A,FALSE,FALSE,indoor,TRUE,FALSE,FALSE,none,none,must_be_ambulatory,FALSE,TRUE,FALSE,TRUE,FALSE,פיטר פנס פלייט,פיטר פן
Magic Kingdom|Attraction|Pirates of the Caribbean,Disney World,Magic Kingdom,Theme Park,Adventureland,Attraction,Pirates of the Caribbean,Boat ride,2,Valid admission to Magic Kingdom. Park Hopper is NOT required unless you plan to visit another Disney theme park the same day.,Lightning Lane Multi Pass. Included within Multi Pass; no separate per-attraction Single Pass purchase required. Also included with Premier Pass.,No separate attraction reservation required. Disney currently lists no active virtual queues; check My Disney Experience just before the visit because this can change.,Yes,Open / current,Multi Pass,Yes,Yes,No,No – included within the paid Multi Pass product; no separate per-attraction purchase.,2026-08-24,1973,8,N/A,N/A,FALSE,FALSE,indoor,TRUE,FALSE,FALSE,none,may_get_wet,transfer_wheelchair_then_ride,FALSE,TRUE,FALSE,TRUE,FALSE,פיירטס אוף דה קריביאן,פיירטס
Magic Kingdom|Attraction|Prince Charming Regal Carrousel,Disney World,Magic Kingdom,Theme Park,Fantasyland,Attraction,Prince Charming Regal Carrousel,Carousel,1,Valid admission to Magic Kingdom. Park Hopper is NOT required unless you plan to visit another Disney theme park the same day.,No current Lightning Lane Multi Pass or Single Pass access.,No separate attraction reservation required. Disney currently lists no active virtual queues; check My Disney Experience just before the visit because this can change.,Yes,Open / current,None,No,No,No,N/A – no Lightning Lane product currently offered for this experience.,2026-08-25,1971,2,N/A,N/A,N/A,TRUE,outdoor,FALSE,FALSE,FALSE,none,none,transfer_ecv_to_wheelchair,FALSE,FALSE,FALSE,FALSE,FALSE,פרינס צ'ארמינג ריגל קרוסל,"פרינס צ'ארמינג, ריגל קרוסל"
Magic Kingdom|Attraction|Seven Dwarfs Mine Train,Disney World,Magic Kingdom,Theme Park,Fantasyland,Attraction,Seven Dwarfs Mine Train,Family coaster,2,Valid admission to Magic Kingdom. Park Hopper is NOT required unless you plan to visit another Disney theme park the same day.,Lightning Lane Single Pass. NOT included in Multi Pass. Requires a separate paid Single Pass purchase; price varies by attraction and date. Also included with Premier Pass.,No separate attraction reservation required. Disney currently lists no active virtual queues; check My Disney Experience just before the visit because this can change.,Yes,Open / current,Single Pass,Yes,No,Yes,Yes – separate paid Single Pass; price varies by attraction and date.,2026-08-24,2014,3,55,0,TRUE,FALSE,mixed,TRUE,FALSE,FALSE,97,none,transfer_to_ride_vehicle,TRUE,TRUE,TRUE,TRUE,FALSE,סבן דוורפס מיין טריין,מיין טריין
Magic Kingdom|Attraction|Space Mountain,Disney World,Magic Kingdom,Theme Park,Tomorrowland,Attraction,Space Mountain,Indoor coaster,3,Valid admission to Magic Kingdom. Park Hopper is NOT required unless you plan to visit another Disney theme park the same day.,Lightning Lane Multi Pass. Included within Multi Pass; no separate per-attraction Single Pass purchase required. Also included with Premier Pass.,No separate attraction reservation required. Disney currently lists no active virtual queues; check My Disney Experience just before the visit because this can change.,Yes,Open / current,Multi Pass,Yes,Yes,No,No – included within the paid Multi Pass product; no separate per-attraction purchase.,2026-08-24,1975,3,43,0,TRUE,FALSE,indoor,TRUE,FALSE,FALSE,112,none,transfer_wheelchair_then_ride,TRUE,TRUE,FALSE,TRUE,TRUE,ספייס מאונטיין,ספייס
Magic Kingdom|Attraction|Swiss Family Treehouse,Disney World,Magic Kingdom,Theme Park,Adventureland,Attraction,Swiss Family Treehouse,Walk-through,1,Valid admission to Magic Kingdom. Park Hopper is NOT required unless you plan to visit another Disney theme park the same day.,No current Lightning Lane Multi Pass or Single Pass access.,No separate attraction reservation required. Disney currently lists no active virtual queues; check My Disney Experience just before the visit because this can change.,Yes,Open / current,None,No,No,No,N/A – no Lightning Lane product currently offered for this experience.,2026-08-25,1971,N/A,N/A,N/A,N/A,N/A,outdoor,N/A,N/A,N/A,none,none,must_be_ambulatory,FALSE,FALSE,TRUE,FALSE,FALSE,סוויס פמילי טריהאוס,"סוויס פמילי, טריהאוס"
Magic Kingdom|Attraction|Tiana's Bayou Adventure,Disney World,Magic Kingdom,Theme Park,Frontierland,Attraction,Tiana's Bayou Adventure,Log flume,3,Valid admission to Magic Kingdom. Park Hopper is NOT required unless you plan to visit another Disney theme park the same day.,Lightning Lane Multi Pass. Included within Multi Pass; no separate per-attraction Single Pass purchase required. Also included with Premier Pass.,No separate attraction reservation required. Disney currently lists no active virtual queues; check My Disney Experience just before the visit because this can change.,Yes,Open / current,Multi Pass,Yes,Yes,No,No – included within the paid Multi Pass product; no separate per-attraction purchase.,2026-08-24,2024,18,N/A,N/A,TRUE,FALSE,mixed,TRUE,FALSE,FALSE,102,may_get_soaked,transfer_to_ride_vehicle,FALSE,TRUE,TRUE,TRUE,FALSE,טיאנאס באיו אדוונצ'ר,טיאנה
Magic Kingdom|Attraction|Tomorrowland Speedway,Disney World,Magic Kingdom,Theme Park,Tomorrowland,Attraction,Tomorrowland Speedway,Driving ride,1,Valid admission to Magic Kingdom. Park Hopper is NOT required unless you plan to visit another Disney theme park the same day.,Lightning Lane Multi Pass. Included within Multi Pass; no separate per-attraction Single Pass purchase required. Also included with Premier Pass.,No separate attraction reservation required. Disney currently lists no active virtual queues; check My Disney Experience just before the visit because this can change.,Yes,Open / current,Multi Pass,Yes,Yes,No,No – included within the paid Multi Pass product; no separate per-attraction purchase.,2026-08-25,1971,5,N/A,N/A,FALSE,FALSE,outdoor,FALSE,FALSE,FALSE,81,none,transfer_to_ride_vehicle,FALSE,FALSE,FALSE,TRUE,FALSE,טומורולנד ספידוויי,ספידוויי
Magic Kingdom|Attraction|Tomorrowland Transit Authority PeopleMover,Disney World,Magic Kingdom,Theme Park,Tomorrowland,Attraction,Tomorrowland Transit Authority PeopleMover,People mover,1,Valid admission to Magic Kingdom. Park Hopper is NOT required unless you plan to visit another Disney theme park the same day.,No current Lightning Lane Multi Pass or Single Pass access.,No separate attraction reservation required. Disney currently lists no active virtual queues; check My Disney Experience just before the visit because this can change.,Yes,Open / current,None,No,No,No,N/A – no Lightning Lane product currently offered for this experience.,2026-08-25,1975,10,N/A,N/A,FALSE,FALSE,mixed,FALSE,FALSE,FALSE,none,none,must_be_ambulatory,FALSE,TRUE,FALSE,FALSE,FALSE,טומורולנד טרנזיט אות'וריטי פיפלמובר,פיפלמובר
Magic Kingdom|Attraction|TRON Lightcycle / Run,Disney World,Magic Kingdom,Theme Park,Tomorrowland,Attraction,TRON Lightcycle / Run,Launch coaster,4,Valid admission to Magic Kingdom. Park Hopper is NOT required unless you plan to visit another Disney theme park the same day.,Lightning Lane Single Pass. NOT included in Multi Pass. Requires a separate paid Single Pass purchase; price varies by attraction and date. Also included with Premier Pass.,No separate attraction reservation required. Disney currently lists no active virtual queues; check My Disney Experience just before the visit because this can change.,Yes,Open / current,Single Pass,Yes,No,Yes,Yes – separate paid Single Pass; price varies by attraction and date.,2026-08-24,2023,1,95,0,TRUE,FALSE,mixed,TRUE,FALSE,FALSE,122,none,transfer_wheelchair_then_ride,TRUE,TRUE,TRUE,TRUE,TRUE,טרון לייטסייקל / ראן,טרון
Magic Kingdom|Attraction|Under the Sea ~ Journey of The Little Mermaid,Disney World,Magic Kingdom,Theme Park,Fantasyland,Attraction,Under the Sea ~ Journey of The Little Mermaid,Dark ride,1,Valid admission to Magic Kingdom. Park Hopper is NOT required unless you plan to visit another Disney theme park the same day.,Lightning Lane Multi Pass. Included within Multi Pass; no separate per-attraction Single Pass purchase required. Also included with Premier Pass.,No separate attraction reservation required. Disney currently lists no active virtual queues; check My Disney Experience just before the visit because this can change.,Yes,Open / current,Multi Pass,Yes,Yes,No,No – included within the paid Multi Pass product; no separate per-attraction purchase.,2026-08-24,2012,7,N/A,N/A,FALSE,FALSE,indoor,TRUE,FALSE,FALSE,none,none,transfer_ecv_to_wheelchair,FALSE,TRUE,FALSE,FALSE,FALSE,אנדר דה סי ~ ג'רני אוף דה ליטל מרמייד,ליטל מרמייד
Magic Kingdom|Attraction|Walt Disney's Carousel of Progress,Disney World,Magic Kingdom,Theme Park,Tomorrowland,Attraction,Walt Disney's Carousel of Progress,Film / theater show,1,Valid admission to Magic Kingdom. Park Hopper is NOT required unless you plan to visit another Disney theme park the same day.,No current Lightning Lane Multi Pass or Single Pass access.,No separate attraction reservation required. Disney currently lists no active virtual queues; check My Disney Experience just before the visit because this can change.,Yes,Temporarily unavailable on Disney's Aug. 2026 calendar; verify reopening before visit.,None,No,No,No,N/A – no Lightning Lane product currently offered for this experience.,2026-08-25,1975,21,N/A,N/A,N/A,N/A,indoor,TRUE,N/A,FALSE,none,none,remain_in_wheelchair,FALSE,TRUE,FALSE,FALSE,FALSE,וולט דיסניז קרוסל אוף פרוגרס,קרוסל אוף פרוגרס
Magic Kingdom|Entertainment|Casey's Corner Pianist,Disney World,Magic Kingdom,Theme Park,"Main Street, U.S.A.",Entertainment,Casey's Corner Pianist,Live music,1,Valid admission to Magic Kingdom. Park Hopper is NOT required unless you plan to visit another Disney theme park the same day.,No current Lightning Lane Multi Pass or Single Pass access.,Usually no separate reservation; arrive for the scheduled performance. Some shows have optional Lightning Lane where listed.,Yes,Open / current,None,No,No,No,N/A – no Lightning Lane product currently offered for this experience.,2026-08-24,1971,20,N/A,N/A,N/A,N/A,outdoor,FALSE,N/A,FALSE,none,N/A,remain_in_wheelchair,FALSE,FALSE,N/A,TRUE,FALSE,קייסיז קורנר פיאניסט,
Magic Kingdom|Entertainment|Country Bear Musical Jamboree,Disney World,Magic Kingdom,Theme Park,Frontierland,Entertainment,Country Bear Musical Jamboree,Stage show,1,Valid admission to Magic Kingdom. Park Hopper is NOT required unless you plan to visit another Disney theme park the same day.,No current Lightning Lane Multi Pass or Single Pass access.,Usually no separate reservation; arrive for the scheduled performance. Some shows have optional Lightning Lane where listed.,Yes,Open / current,None,No,No,No,N/A – no Lightning Lane product currently offered for this experience.,2026-08-25,2024,16,N/A,N/A,N/A,N/A,indoor,TRUE,N/A,FALSE,none,N/A,remain_in_wheelchair,FALSE,TRUE,N/A,TRUE,FALSE,קאנטרי בר מיוזיקל ג'מבורי,
Magic Kingdom|Entertainment|The Dapper Dans,Disney World,Magic Kingdom,Theme Park,"Main Street, U.S.A.",Entertainment,The Dapper Dans,Live music,1,Valid admission to Magic Kingdom. Park Hopper is NOT required unless you plan to visit another Disney theme park the same day.,No current Lightning Lane Multi Pass or Single Pass access.,Usually no separate reservation; arrive for the scheduled performance. Some shows have optional Lightning Lane where listed.,Yes,Open / current,None,No,No,No,N/A – no Lightning Lane product currently offered for this experience.,2026-08-24,1971,20,N/A,N/A,N/A,N/A,outdoor,FALSE,N/A,FALSE,none,N/A,remain_in_wheelchair,FALSE,FALSE,N/A,TRUE,FALSE,הדאפר דנס,
Magic Kingdom|Entertainment|Disney Adventure Friends Cavalcade,Disney World,Magic Kingdom,Theme Park,Parade Route,Entertainment,Disney Adventure Friends Cavalcade,Parade,1,Valid admission to Magic Kingdom. Park Hopper is NOT required unless you plan to visit another Disney theme park the same day.,No current Lightning Lane Multi Pass or Single Pass access.,Usually no separate reservation; arrive for the scheduled performance. Some shows have optional Lightning Lane where listed.,Yes,Open / current,None,No,No,No,N/A – no Lightning Lane product currently offered for this experience.,2026-08-24,2022,5,N/A,N/A,N/A,N/A,outdoor,FALSE,N/A,FALSE,none,N/A,remain_in_wheelchair,FALSE,FALSE,N/A,TRUE,FALSE,דיסני אדוונצ'ר פרנדס קוולקייד,
Magic Kingdom|Entertainment|Disney Festival of Fantasy Parade,Disney World,Magic Kingdom,Theme Park,Parade Route,Entertainment,Disney Festival of Fantasy Parade,Parade,1,Valid admission to Magic Kingdom. Park Hopper is NOT required unless you plan to visit another Disney theme park the same day.,No current Lightning Lane Multi Pass or Single Pass access.,Usually no separate reservation; arrive for the scheduled performance. Some shows have optional Lightning Lane where listed.,Yes,Open / current,None,No,No,No,N/A – no Lightning Lane product currently offered for this experience.,2026-08-25,2014,12,N/A,N/A,N/A,N/A,outdoor,FALSE,N/A,FALSE,none,N/A,remain_in_wheelchair,FALSE,FALSE,N/A,TRUE,FALSE,דיסני פסטיבל אוף פנטזי פארייד,
Magic Kingdom|Entertainment|Disney Starlight: Dream the Night Away,Disney World,Magic Kingdom,Theme Park,Parade Route,Entertainment,Disney Starlight: Dream the Night Away,Parade,1,Valid admission to Magic Kingdom. Park Hopper is NOT required unless you plan to visit another Disney theme park the same day.,No current Lightning Lane Multi Pass or Single Pass access.,Usually no separate reservation; arrive for the scheduled performance. Some shows have optional Lightning Lane where listed.,Yes,Open / current,None,No,No,No,N/A – no Lightning Lane product currently offered for this experience.,2026-08-24,2025,20,N/A,N/A,N/A,N/A,outdoor,FALSE,N/A,TRUE,none,N/A,remain_in_wheelchair,FALSE,FALSE,N/A,TRUE,TRUE,דיסני סטארלייט: דרים דה נייט אוויי,
Magic Kingdom|Entertainment|Happily Ever After,Disney World,Magic Kingdom,Theme Park,Cinderella Castle,Entertainment,Happily Ever After,Projection show,1,Valid admission to Magic Kingdom. Park Hopper is NOT required unless you plan to visit another Disney theme park the same day.,No current Lightning Lane Multi Pass or Single Pass access.,Usually no separate reservation; arrive for the scheduled performance. Some shows have optional Lightning Lane where listed.,Yes,Open / current,None,No,No,No,N/A – no Lightning Lane product currently offered for this experience.,2026-08-24,2017,18,N/A,N/A,N/A,N/A,outdoor,FALSE,N/A,TRUE,none,N/A,remain_in_wheelchair,FALSE,FALSE,N/A,TRUE,TRUE,האפילי אבר אפטר,
Magic Kingdom|Entertainment|The Hall of Presidents,Disney World,Magic Kingdom,Theme Park,Liberty Square,Entertainment,The Hall of Presidents,Stage show,1,Valid admission to Magic Kingdom. Park Hopper is NOT required unless you plan to visit another Disney theme park the same day.,No current Lightning Lane Multi Pass or Single Pass access.,Usually no separate reservation; arrive for the scheduled performance. Some shows have optional Lightning Lane where listed.,Yes,Open / current,None,No,No,No,N/A – no Lightning Lane product currently offered for this experience.,2026-08-25,1971,22,N/A,N/A,N/A,N/A,indoor,TRUE,N/A,FALSE,none,N/A,remain_in_wheelchair,FALSE,TRUE,N/A,FALSE,FALSE,הול אוף פרזידנטס,
Magic Kingdom|Entertainment|Mickey's PhilharMagic,Disney World,Magic Kingdom,Theme Park,Fantasyland,Entertainment,Mickey's PhilharMagic,Film / theater show,1,Valid admission to Magic Kingdom. Park Hopper is NOT required unless you plan to visit another Disney theme park the same day.,Lightning Lane Multi Pass. Included within Multi Pass; no separate per-attraction Single Pass purchase required. Also included with Premier Pass.,Usually no separate reservation; arrive for the scheduled performance. Some shows have optional Lightning Lane where listed.,Yes,Open / current,Multi Pass,Yes,Yes,No,No – included within the paid Multi Pass product; no separate per-attraction purchase.,2026-08-24,2003,12,N/A,N/A,N/A,N/A,indoor,TRUE,N/A,TRUE,none,N/A,remain_in_wheelchair,FALSE,TRUE,N/A,TRUE,FALSE,מיקי'ס פילהרמג'יק,
Magic Kingdom|Entertainment|Monsters Inc. Laugh Floor,Disney World,Magic Kingdom,Theme Park,Tomorrowland,Entertainment,Monsters Inc. Laugh Floor,Stage show,1,Valid admission to Magic Kingdom. Park Hopper is NOT required unless you plan to visit another Disney theme park the same day.,Lightning Lane Multi Pass. Included within Multi Pass; no separate per-attraction Single Pass purchase required. Also included with Premier Pass.,Usually no separate reservation; arrive for the scheduled performance. Some shows have optional Lightning Lane where listed.,Yes,Open / current,Multi Pass,Yes,Yes,No,No – included within the paid Multi Pass product; no separate per-attraction purchase.,2026-08-24,2007,10,N/A,N/A,N/A,N/A,indoor,TRUE,N/A,TRUE,none,N/A,remain_in_wheelchair,FALSE,TRUE,N/A,TRUE,FALSE,מונסטרס אינק לאף פלור,
Magic Kingdom|Entertainment|Walt Disney's Enchanted Tiki Room,Disney World,Magic Kingdom,Theme Park,Adventureland,Entertainment,Walt Disney's Enchanted Tiki Room,Live music,1,Valid admission to Magic Kingdom. Park Hopper is NOT required unless you plan to visit another Disney theme park the same day.,No current Lightning Lane Multi Pass or Single Pass access.,Usually no separate reservation; arrive for the scheduled performance. Some shows have optional Lightning Lane where listed.,Yes,Open / current,None,No,No,No,N/A – no Lightning Lane product currently offered for this experience.,2026-08-24,1971,15,N/A,N/A,N/A,N/A,indoor,TRUE,N/A,FALSE,none,N/A,remain_in_wheelchair,FALSE,TRUE,N/A,TRUE,TRUE,וולט דיסני'ס אנצ'נטד טיקי רום,
EPCOT|Attraction|Advanced Training Lab,Disney World,EPCOT,Theme Park,World Discovery,Attraction,Advanced Training Lab,Play area,1,Valid admission to EPCOT. Park Hopper is NOT required unless you plan to visit another Disney theme park the same day.,No current Lightning Lane Multi Pass or Single Pass access.,No separate attraction reservation required. Disney currently lists no active virtual queues; check My Disney Experience just before the visit because this can change.,Yes,Open / current,None,No,No,No,N/A – no Lightning Lane product currently offered for this experience.,2026-08-24,2003,N/A,N/A,N/A,FALSE,FALSE,indoor,TRUE,N/A,TRUE,none,none,remain_in_wheelchair,FALSE,FALSE,FALSE,FALSE,FALSE,אדוונסד טריינינג לאב,
EPCOT|Attraction|Frozen Ever After,Disney World,EPCOT,Theme Park,World Showcase – Norway,Attraction,Frozen Ever After,Boat ride,2,Valid admission to EPCOT. Park Hopper is NOT required unless you plan to visit another Disney theme park the same day.,Lightning Lane Multi Pass. Included within Multi Pass; no separate per-attraction Single Pass purchase required. Also included with Premier Pass.,No separate attraction reservation required. Disney currently lists no active virtual queues; check My Disney Experience just before the visit because this can change.,Yes,Open / current,Multi Pass,Yes,Yes,No,No – included within the paid Multi Pass product; no separate per-attraction purchase.,2026-08-24,2016,5,N/A,N/A,FALSE,FALSE,indoor,TRUE,FALSE,FALSE,none,may_get_wet,transfer_to_ride_vehicle,FALSE,FALSE,FALSE,TRUE,TRUE,פרוזן אבר אפטר,
EPCOT|Attraction|Gran Fiesta Tour Starring The Three Caballeros,Disney World,EPCOT,Theme Park,World Showcase – Mexico,Attraction,Gran Fiesta Tour Starring The Three Caballeros,Boat ride,1,Valid admission to EPCOT. Park Hopper is NOT required unless you plan to visit another Disney theme park the same day.,No current Lightning Lane Multi Pass or Single Pass access.,No separate attraction reservation required. Disney currently lists no active virtual queues; check My Disney Experience just before the visit because this can change.,Yes,Open / current,None,No,No,No,N/A – no Lightning Lane product currently offered for this experience.,2026-08-25,2007,8,N/A,N/A,FALSE,FALSE,indoor,TRUE,FALSE,FALSE,none,none,remain_in_wheelchair,FALSE,TRUE,FALSE,TRUE,FALSE,גראן פיאסטה טור,
EPCOT|Attraction|Guardians of the Galaxy: Cosmic Rewind,Disney World,EPCOT,Theme Park,World Discovery,Attraction,Guardians of the Galaxy: Cosmic Rewind,Launch coaster,4,Valid admission to EPCOT. Park Hopper is NOT required unless you plan to visit another Disney theme park the same day.,Lightning Lane Single Pass. NOT included in Multi Pass. Requires a separate paid Single Pass purchase; price varies by attraction and date. Also included with Premier Pass.,No separate attraction reservation required. Disney currently lists no active virtual queues; check My Disney Experience just before the visit because this can change.,Yes,Open / current,Single Pass,Yes,No,Yes,Yes – separate paid Single Pass; price varies by attraction and date.,2026-08-24,2022,4,97,0,TRUE,TRUE,indoor,TRUE,FALSE,TRUE,107,none,transfer_to_ride_vehicle,TRUE,TRUE,TRUE,TRUE,TRUE,גארדיאנס אוף דה גלקסי: קוסמיק ריוויינד,גארדיאנס
EPCOT|Attraction|Journey Into Imagination With Figment,Disney World,EPCOT,Theme Park,World Celebration,Attraction,Journey Into Imagination With Figment,Dark ride,1,Valid admission to EPCOT. Park Hopper is NOT required unless you plan to visit another Disney theme park the same day.,Lightning Lane Multi Pass. Included within Multi Pass; no separate per-attraction Single Pass purchase required. Also included with Premier Pass.,No separate attraction reservation required. Disney currently lists no active virtual queues; check My Disney Experience just before the visit because this can change.,Yes,Open / current,Multi Pass,Yes,Yes,No,No – included within the paid Multi Pass product; no separate per-attraction purchase.,2026-08-24,2002,6,N/A,N/A,FALSE,FALSE,indoor,TRUE,FALSE,FALSE,none,none,remain_in_wheelchair,FALSE,FALSE,FALSE,TRUE,TRUE,ג'ורני אינטו אימג'יניישן וית' פיגמנט,
"EPCOT|Attraction|Journey of Water, Inspired by Moana",Disney World,EPCOT,Theme Park,World Nature,Attraction,"Journey of Water, Inspired by Moana",Walking trail,1,Valid admission to EPCOT. Park Hopper is NOT required unless you plan to visit another Disney theme park the same day.,No current Lightning Lane Multi Pass or Single Pass access.,No separate attraction reservation required. Disney currently lists no active virtual queues; check My Disney Experience just before the visit because this can change.,Yes,Open / current,None,No,No,No,N/A – no Lightning Lane product currently offered for this experience.,2026-08-25,2023,N/A,N/A,N/A,N/A,N/A,outdoor,FALSE,N/A,N/A,none,may_get_wet,remain_in_wheelchair,FALSE,FALSE,FALSE,FALSE,FALSE,ג'ורני אוף ווטר: מואנה,
EPCOT|Attraction|Living with the Land,Disney World,EPCOT,Theme Park,World Nature,Attraction,Living with the Land,Boat ride,1,Valid admission to EPCOT. Park Hopper is NOT required unless you plan to visit another Disney theme park the same day.,Lightning Lane Multi Pass. Included within Multi Pass; no separate per-attraction Single Pass purchase required. Also included with Premier Pass.,No separate attraction reservation required. Disney currently lists no active virtual queues; check My Disney Experience just before the visit because this can change.,Yes,Open / current,Multi Pass,Yes,Yes,No,No – included within the paid Multi Pass product; no separate per-attraction purchase.,2026-08-24,1982,14,N/A,N/A,FALSE,FALSE,indoor,TRUE,FALSE,FALSE,none,none,remain_in_wheelchair,FALSE,False,False,False,False,ליווינג וית' דה לנד,
EPCOT|Attraction|Mission: SPACE – Green,Disney World,EPCOT,Theme Park,World Discovery,Attraction,Mission: SPACE – Green,Motion simulator,2,Valid admission to EPCOT. Park Hopper is NOT required unless you plan to visit another Disney theme park the same day.,Lightning Lane Multi Pass. Included within Multi Pass; no separate per-attraction Single Pass purchase required. Also included with Premier Pass.,No separate attraction reservation required. Disney currently lists no active virtual queues; check My Disney Experience just before the visit because this can change.,Yes,Open / current,Multi Pass,Yes,Yes,No,No – included within the paid Multi Pass product; no separate per-attraction purchase.,2026-08-24,2003,6,N/A,N/A,FALSE,FALSE,indoor,TRUE,TRUE,TRUE,102,none,transfer_to_ride_vehicle,TRUE,True,False,True,False,מישן ספייס – גרין,
EPCOT|Attraction|Mission: SPACE – Orange,Disney World,EPCOT,Theme Park,World Discovery,Attraction,Mission: SPACE – Orange,Motion simulator,4,Valid admission to EPCOT. Park Hopper is NOT required unless you plan to visit another Disney theme park the same day.,Lightning Lane Multi Pass. Included within Multi Pass; no separate per-attraction Single Pass purchase required. Also included with Premier Pass.,No separate attraction reservation required. Disney currently lists no active virtual queues; check My Disney Experience just before the visit because this can change.,Yes,Open / current,Multi Pass,Yes,Yes,No,No – included within the paid Multi Pass product; no separate per-attraction purchase.,2026-08-24,2003,6,N/A,N/A,FALSE,TRUE,indoor,TRUE,TRUE,TRUE,102,none,transfer_to_ride_vehicle,TRUE,True,False,True,False,מישן ספייס – אורנג',
EPCOT|Attraction|Remy's Ratatouille Adventure,Disney World,EPCOT,Theme Park,World Showcase – France,Attraction,Remy's Ratatouille Adventure,3D / 4D ride,2,Valid admission to EPCOT. Park Hopper is NOT required unless you plan to visit another Disney theme park the same day.,Lightning Lane Multi Pass. Included within Multi Pass; no separate per-attraction Single Pass purchase required. Also included with Premier Pass.,No separate attraction reservation required. Disney currently lists no active virtual queues; check My Disney Experience just before the visit because this can change.,Yes,Open / current,Multi Pass,Yes,Yes,No,No – included within the paid Multi Pass product; no separate per-attraction purchase.,2026-08-24,2021,5,N/A,N/A,FALSE,FALSE,indoor,TRUE,FALSE,TRUE,none,none,transfer_wheelchair_then_ride,TRUE,False,False,True,False,רמי'ס רטטוי אדוונצ'ר,
EPCOT|Attraction|The Seas with Nemo & Friends,Disney World,EPCOT,Theme Park,World Nature,Attraction,The Seas with Nemo & Friends,Dark ride,1,Valid admission to EPCOT. Park Hopper is NOT required unless you plan to visit another Disney theme park the same day.,Lightning Lane Multi Pass. Included within Multi Pass; no separate per-attraction Single Pass purchase required. Also included with Premier Pass.,No separate attraction reservation required. Disney currently lists no active virtual queues; check My Disney Experience just before the visit because this can change.,Yes,Open / current,Multi Pass,Yes,Yes,No,No – included within the paid Multi Pass product; no separate per-attraction purchase.,2026-08-24,2007,6,N/A,N/A,FALSE,FALSE,indoor,TRUE,FALSE,TRUE,none,none,remain_in_wheelchair,FALSE,False,False,False,False,דה סיז וית' נמו אנד פרנדס,
EPCOT|Attraction|Soarin' Across America,Disney World,EPCOT,Theme Park,World Nature,Attraction,Soarin' Across America,Flying theater,2,Valid admission to EPCOT. Park Hopper is NOT required unless you plan to visit another Disney theme park the same day.,Lightning Lane Multi Pass. Included within Multi Pass; no separate per-attraction Single Pass purchase required. Also included with Premier Pass.,No separate attraction reservation required. Disney currently lists no active virtual queues; check My Disney Experience just before the visit because this can change.,Yes,Open / current,Multi Pass,Yes,Yes,No,No – included within the paid Multi Pass product; no separate per-attraction purchase.,2026-08-24,2026,5,N/A,N/A,FALSE,FALSE,indoor,TRUE,TRUE,TRUE,102,none,transfer_to_ride_vehicle,TRUE,False,True,False,False,סוארין אקרוס אמריקה,
EPCOT|Attraction|Spaceship Earth,Disney World,EPCOT,Theme Park,World Celebration,Attraction,Spaceship Earth,Dark ride,1,Valid admission to EPCOT. Park Hopper is NOT required unless you plan to visit another Disney theme park the same day.,Lightning Lane Multi Pass. Included within Multi Pass; no separate per-attraction Single Pass purchase required. Also included with Premier Pass.,No separate attraction reservation required. Disney currently lists no active virtual queues; check My Disney Experience just before the visit because this can change.,Yes,Open / current,Multi Pass,Yes,Yes,No,No – included within the paid Multi Pass product; no separate per-attraction purchase.,2026-08-24,1982,15,N/A,N/A,FALSE,FALSE,indoor,TRUE,FALSE,TRUE,none,none,transfer_to_ride_vehicle,FALSE,True,False,False,False,ספייסשיפ ארת',
EPCOT|Attraction|Test Track,Disney World,EPCOT,Theme Park,World Discovery,Attraction,Test Track,Driving ride,3,Valid admission to EPCOT. Park Hopper is NOT required unless you plan to visit another Disney theme park the same day.,Lightning Lane Multi Pass. Included within Multi Pass; no separate per-attraction Single Pass purchase required. Also included with Premier Pass.,No separate attraction reservation required. Disney currently lists no active virtual queues; check My Disney Experience just before the visit because this can change.,Yes,Open / current,Multi Pass,Yes,Yes,No,No – included within the paid Multi Pass product; no separate per-attraction purchase.,2026-08-24,2025,5,105,0,FALSE,FALSE,mixed,TRUE,FALSE,TRUE,102,none,transfer_to_ride_vehicle,FALSE,False,False,True,False,טסט טראק,
EPCOT|Attraction|Bruce's Shark World,Disney World,EPCOT,Theme Park,World Nature,Attraction,Bruce's Shark World,Play area,1,Valid admission to EPCOT. Park Hopper is NOT required unless you plan to visit another Disney theme park the same day.,No current Lightning Lane Multi Pass or Single Pass access.,No separate attraction reservation required. Disney currently lists no active virtual queues; check My Disney Experience just before the visit because this can change.,Yes,Open / current,None,No,No,No,N/A – no Lightning Lane product currently offered for this experience.,2026-08-24,2007,N/A,N/A,N/A,N/A,N/A,indoor,TRUE,N/A,N/A,none,none,remain_in_wheelchair,FALSE,False,False,False,False,ברוס'ס שארק וורלד,
EPCOT|Entertainment|The American Adventure,Disney World,EPCOT,Theme Park,World Showcase – American Adventure,Entertainment,The American Adventure,Stage show,1,Valid admission to EPCOT. Park Hopper is NOT required unless you plan to visit another Disney theme park the same day.,No current Lightning Lane Multi Pass or Single Pass access.,Usually no separate reservation; arrive for the scheduled performance. Some shows have optional Lightning Lane where listed.,Yes,Open / current,None,No,No,No,N/A – no Lightning Lane product currently offered for this experience.,2026-08-25,1982,29,N/A,N/A,N/A,N/A,indoor,TRUE,N/A,FALSE,none,N/A,remain_in_wheelchair,FALSE,True,N/A,True,False,דה אמריקן אדוונצ'ר,
EPCOT|Entertainment|Awesome Planet,Disney World,EPCOT,Theme Park,World Nature,Entertainment,Awesome Planet,Film / theater show,1,Valid admission to EPCOT. Park Hopper is NOT required unless you plan to visit another Disney theme park the same day.,No current Lightning Lane Multi Pass or Single Pass access.,Usually no separate reservation; arrive for the scheduled performance. Some shows have optional Lightning Lane where listed.,Yes,Open / current,None,No,No,No,N/A – no Lightning Lane product currently offered for this experience.,2026-08-25,2020,10,N/A,N/A,N/A,N/A,indoor,TRUE,N/A,TRUE,none,N/A,remain_in_wheelchair,FALSE,True,N/A,False,False,אוסום פלאנט,
EPCOT|Entertainment|Beauty and the Beast Sing-Along,Disney World,EPCOT,Theme Park,World Showcase – France,Entertainment,Beauty and the Beast Sing-Along,Film / theater show,1,Valid admission to EPCOT. Park Hopper is NOT required unless you plan to visit another Disney theme park the same day.,No current Lightning Lane Multi Pass or Single Pass access.,Usually no separate reservation; arrive for the scheduled performance. Some shows have optional Lightning Lane where listed.,Yes,Open / current,None,No,No,No,N/A – no Lightning Lane product currently offered for this experience.,2026-08-25,2020,15,N/A,N/A,N/A,N/A,indoor,TRUE,N/A,TRUE,none,N/A,remain_in_wheelchair,FALSE,True,N/A,True,False,ביוטי אנד דה ביסט סינג-אלונג,
EPCOT|Entertainment|Canada Far and Wide in Circle-Vision 360,Disney World,EPCOT,Theme Park,World Showcase – Canada,Entertainment,Canada Far and Wide in Circle-Vision 360,Film / theater show,1,Valid admission to EPCOT. Park Hopper is NOT required unless you plan to visit another Disney theme park the same day.,No current Lightning Lane Multi Pass or Single Pass access.,Usually no separate reservation; arrive for the scheduled performance. Some shows have optional Lightning Lane where listed.,Yes,Open / current,None,No,No,No,N/A – no Lightning Lane product currently offered for this experience.,2026-08-25,2020,12,N/A,N/A,N/A,N/A,indoor,TRUE,N/A,TRUE,none,N/A,remain_in_wheelchair,FALSE,True,N/A,False,False,קנדה פאר אנד וייד,
EPCOT|Entertainment|Disney and Pixar Short Film Festival,Disney World,EPCOT,Theme Park,World Celebration,Entertainment,Disney and Pixar Short Film Festival,Film / theater show,1,Valid admission to EPCOT. Park Hopper is NOT required unless you plan to visit another Disney theme park the same day.,Lightning Lane Multi Pass. Included within Multi Pass; no separate per-attraction Single Pass purchase required. Also included with Premier Pass.,Usually no separate reservation; arrive for the scheduled performance. Some shows have optional Lightning Lane where listed.,Yes,Open / current,Multi Pass,Yes,Yes,No,No – included within the paid Multi Pass product; no separate per-attraction purchase.,2026-08-25,2015,18,N/A,N/A,N/A,N/A,indoor,TRUE,N/A,TRUE,none,N/A,remain_in_wheelchair,FALSE,True,N/A,True,False,דיסני אנד פיקסאר שורט פילם פסטיבל,
EPCOT|Entertainment|Luminous: The Symphony of Us,Disney World,EPCOT,Theme Park,World Showcase Lagoon,Entertainment,Luminous: The Symphony of Us,Nighttime spectacular,1,Valid admission to EPCOT. Park Hopper is NOT required unless you plan to visit another Disney theme park the same day.,No current Lightning Lane Multi Pass or Single Pass access.,Usually no separate reservation; arrive for the scheduled performance. Some shows have optional Lightning Lane where listed.,Yes,Open / current,None,No,No,No,N/A – no Lightning Lane product currently offered for this experience.,2026-08-24,2023,17,N/A,N/A,N/A,N/A,outdoor,FALSE,N/A,TRUE,none,N/A,remain_in_wheelchair,FALSE,False,N/A,True,True,לומינוס: דה סימפוני אוף אס,
EPCOT|Entertainment|Turtle Talk With Crush,Disney World,EPCOT,Theme Park,World Nature,Entertainment,Turtle Talk With Crush,Character show,1,Valid admission to EPCOT. Park Hopper is NOT required unless you plan to visit another Disney theme park the same day.,Lightning Lane Multi Pass. Included within Multi Pass; no separate per-attraction Single Pass purchase required. Also included with Premier Pass.,Usually no separate reservation; arrive for the scheduled performance. Some shows have optional Lightning Lane where listed.,Yes,Open / current,Multi Pass,Yes,Yes,No,No – included within the paid Multi Pass product; no separate per-attraction purchase.,2026-08-25,2004,15,N/A,N/A,N/A,N/A,indoor,TRUE,N/A,TRUE,none,N/A,remain_in_wheelchair,FALSE,False,N/A,False,False,טרטל טוק וית' קראש,
EPCOT|Entertainment|Voices of Liberty,Disney World,EPCOT,Theme Park,World Showcase – American Adventure,Entertainment,Voices of Liberty,Live music,1,Valid admission to EPCOT. Park Hopper is NOT required unless you plan to visit another Disney theme park the same day.,No current Lightning Lane Multi Pass or Single Pass access.,Usually no separate reservation; arrive for the scheduled performance. Some shows have optional Lightning Lane where listed.,Yes,Open / current,None,No,No,No,N/A – no Lightning Lane product currently offered for this experience.,2026-08-24,1982,15,N/A,N/A,N/A,N/A,outdoor,FALSE,N/A,FALSE,none,N/A,remain_in_wheelchair,FALSE,False,N/A,False,False,וויסס אוף ליברטי,
EPCOT|Entertainment|Matsuriza,Disney World,EPCOT,Theme Park,World Showcase – Japan,Entertainment,Matsuriza,Live music,1,Valid admission to EPCOT. Park Hopper is NOT required unless you plan to visit another Disney theme park the same day.,No current Lightning Lane Multi Pass or Single Pass access.,Usually no separate reservation; arrive for the scheduled performance. Some shows have optional Lightning Lane where listed.,Yes,Open / current,None,No,No,No,N/A – no Lightning Lane product currently offered for this experience.,2026-08-24,1998,15,N/A,N/A,N/A,N/A,outdoor,FALSE,N/A,FALSE,none,N/A,remain_in_wheelchair,FALSE,False,N/A,True,False,מצוריזה,
EPCOT|Entertainment|Mariachi Cobre,Disney World,EPCOT,Theme Park,World Showcase – Mexico,Entertainment,Mariachi Cobre,Live music,1,Valid admission to EPCOT. Park Hopper is NOT required unless you plan to visit another Disney theme park the same day.,No current Lightning Lane Multi Pass or Single Pass access.,Usually no separate reservation; arrive for the scheduled performance. Some shows have optional Lightning Lane where listed.,Yes,Open / current,None,No,No,No,N/A – no Lightning Lane product currently offered for this experience.,2026-08-24,1982,25,N/A,N/A,N/A,N/A,outdoor,FALSE,N/A,FALSE,none,N/A,remain_in_wheelchair,FALSE,False,N/A,False,False,מריאצ'י קוברה,
EPCOT|Entertainment|Command Performance,Disney World,EPCOT,Theme Park,World Showcase – United Kingdom,Entertainment,Command Performance,Live music,1,Valid admission to EPCOT. Park Hopper is NOT required unless you plan to visit another Disney theme park the same day.,No current Lightning Lane Multi Pass or Single Pass access.,Usually no separate reservation; arrive for the scheduled performance. Some shows have optional Lightning Lane where listed.,Yes,Open / current,None,No,No,No,N/A – no Lightning Lane product currently offered for this experience.,2026-08-24,N/A,20,N/A,N/A,N/A,N/A,outdoor,FALSE,N/A,FALSE,none,N/A,remain_in_wheelchair,FALSE,False,N/A,False,False,קומנד פרפורמנס,
EPCOT|Entertainment|Acrobatico!,Disney World,EPCOT,Theme Park,World Showcase – France,Entertainment,Acrobatico!,Stage show,1,Valid admission to EPCOT. Park Hopper is NOT required unless you plan to visit another Disney theme park the same day.,No current Lightning Lane Multi Pass or Single Pass access.,Usually no separate reservation; arrive for the scheduled performance. Some shows have optional Lightning Lane where listed.,Yes,Open / current,None,No,No,No,N/A – no Lightning Lane product currently offered for this experience.,2026-08-24,N/A,15,N/A,N/A,N/A,N/A,outdoor,FALSE,N/A,FALSE,none,N/A,remain_in_wheelchair,FALSE,False,N/A,False,False,אקרובטיקו,
Disney's Hollywood Studios|Attraction|Alien Swirling Saucers,Disney World,Disney's Hollywood Studios,Theme Park,Toy Story Land,Attraction,Alien Swirling Saucers,Spinner,1,Valid admission to Disney's Hollywood Studios. Park Hopper is NOT required unless you plan to visit another Disney theme park the same day.,Lightning Lane Multi Pass. Included within Multi Pass; no separate per-attraction Single Pass purchase required. Also included with Premier Pass.,No separate attraction reservation required. Disney currently lists no active virtual queues; check My Disney Experience just before the visit because this can change.,Yes,Open / current,Multi Pass,Yes,Yes,No,No – included within the paid Multi Pass product; no separate per-attraction purchase.,2026-08-24,2018,2,N/A,N/A,FALSE,TRUE,outdoor,FALSE,FALSE,FALSE,81,none,transfer_to_ride_vehicle,TRUE,False,False,False,False,אליין סווירלינג סאוסרס,
Disney's Hollywood Studios|Attraction|Mickey & Minnie's Runaway Railway,Disney World,Disney's Hollywood Studios,Theme Park,Hollywood Boulevard,Attraction,Mickey & Minnie's Runaway Railway,Interactive dark ride,1,Valid admission to Disney's Hollywood Studios. Park Hopper is NOT required unless you plan to visit another Disney theme park the same day.,Lightning Lane Multi Pass. Included within Multi Pass; no separate per-attraction Single Pass purchase required. Also included with Premier Pass.,No separate attraction reservation required. Disney currently lists no active virtual queues; check My Disney Experience just before the visit because this can change.,Yes,Open / current,Multi Pass,Yes,Yes,No,No – included within the paid Multi Pass product; no separate per-attraction purchase.,2026-08-24,2020,5,N/A,N/A,FALSE,FALSE,indoor,TRUE,FALSE,TRUE,none,none,transfer_to_ride_vehicle,FALSE,True,False,True,False,מיקי אנד מיניז ראנוויי ריילוויי,
Disney's Hollywood Studios|Attraction|Millennium Falcon: Smugglers Run,Disney World,Disney's Hollywood Studios,Theme Park,Star Wars: Galaxy's Edge,Attraction,Millennium Falcon: Smugglers Run,Motion simulator,2,Valid admission to Disney's Hollywood Studios. Park Hopper is NOT required unless you plan to visit another Disney theme park the same day.,Lightning Lane Multi Pass. Included within Multi Pass; no separate per-attraction Single Pass purchase required. Also included with Premier Pass.,No separate attraction reservation required. Disney currently lists no active virtual queues; check My Disney Experience just before the visit because this can change.,Yes,Open / current,Multi Pass,Yes,Yes,No,No – included within the paid Multi Pass product; no separate per-attraction purchase.,2026-08-24,2019,5,N/A,N/A,FALSE,FALSE,indoor,TRUE,TRUE,TRUE,97,none,transfer_to_ride_vehicle,TRUE,True,False,True,False,מילניום פלקון: סמגלרס ראן,
Disney's Hollywood Studios|Attraction|Rock 'n' Roller Coaster Starring The Muppets,Disney World,Disney's Hollywood Studios,Theme Park,Sunset Boulevard,Attraction,Rock 'n' Roller Coaster Starring The Muppets,Launch coaster,4,Valid admission to Disney's Hollywood Studios. Park Hopper is NOT required unless you plan to visit another Disney theme park the same day.,Lightning Lane Multi Pass. Included within Multi Pass; no separate per-attraction Single Pass purchase required. Also included with Premier Pass.,No separate attraction reservation required. Disney currently lists no active virtual queues; check My Disney Experience just before the visit because this can change.,Yes,Open / current,Multi Pass,Yes,Yes,No,No – included within the paid Multi Pass product; no separate per-attraction purchase.,2026-08-24,2026,2,92,3,TRUE,FALSE,indoor,TRUE,FALSE,FALSE,122,none,transfer_to_ride_vehicle,TRUE,True,False,True,True,רוק אנד רולר קוסטר – דה מאפטס,
Disney's Hollywood Studios|Attraction|Slinky Dog Dash,Disney World,Disney's Hollywood Studios,Theme Park,Toy Story Land,Attraction,Slinky Dog Dash,Family coaster,2,Valid admission to Disney's Hollywood Studios. Park Hopper is NOT required unless you plan to visit another Disney theme park the same day.,Lightning Lane Multi Pass. Included within Multi Pass; no separate per-attraction Single Pass purchase required. Also included with Premier Pass.,No separate attraction reservation required. Disney currently lists no active virtual queues; check My Disney Experience just before the visit because this can change.,Yes,Open / current,Multi Pass,Yes,Yes,No,No – included within the paid Multi Pass product; no separate per-attraction purchase.,2026-08-24,2018,2,64,0,FALSE,FALSE,outdoor,FALSE,FALSE,FALSE,97,none,transfer_to_ride_vehicle,FALSE,False,True,False,False,סלינקי דוג דאש,
Disney's Hollywood Studios|Attraction|Star Tours – The Adventures Continue,Disney World,Disney's Hollywood Studios,Theme Park,Echo Lake,Attraction,Star Tours – The Adventures Continue,Motion simulator,2,Valid admission to Disney's Hollywood Studios. Park Hopper is NOT required unless you plan to visit another Disney theme park the same day.,Lightning Lane Multi Pass. Included within Multi Pass; no separate per-attraction Single Pass purchase required. Also included with Premier Pass.,No separate attraction reservation required. Disney currently lists no active virtual queues; check My Disney Experience just before the visit because this can change.,Yes,Open / current,Multi Pass,Yes,Yes,No,No – included within the paid Multi Pass product; no separate per-attraction purchase.,2026-08-24,2011,5,N/A,N/A,FALSE,FALSE,indoor,TRUE,TRUE,TRUE,102,none,transfer_to_ride_vehicle,TRUE,True,False,True,True,סטאר טורס,
Disney's Hollywood Studios|Attraction|Star Wars: Rise of the Resistance,Disney World,Disney's Hollywood Studios,Theme Park,Star Wars: Galaxy's Edge,Attraction,Star Wars: Rise of the Resistance,Motion simulator,2,Valid admission to Disney's Hollywood Studios. Park Hopper is NOT required unless you plan to visit another Disney theme park the same day.,Lightning Lane Single Pass. NOT included in Multi Pass. Requires a separate paid Single Pass purchase; price varies by attraction and date. Also included with Premier Pass.,No separate attraction reservation required. Disney currently lists no active virtual queues; check My Disney Experience just before the visit because this can change.,Yes,Open / current,Single Pass,Yes,No,Yes,Yes – separate paid Single Pass; price varies by attraction and date.,2026-08-24,2019,18,N/A,N/A,FALSE,FALSE,indoor,TRUE,FALSE,TRUE,102,none,transfer_to_ride_vehicle,FALSE,True,True,True,True,סטאר וורס: רייז אוף דה רזיסטנס,
Disney's Hollywood Studios|Attraction|Toy Story Mania!,Disney World,Disney's Hollywood Studios,Theme Park,Toy Story Land,Attraction,Toy Story Mania!,Interactive dark ride,1,Valid admission to Disney's Hollywood Studios. Park Hopper is NOT required unless you plan to visit another Disney theme park the same day.,Lightning Lane Multi Pass. Included within Multi Pass; no separate per-attraction Single Pass purchase required. Also included with Premier Pass.,No separate attraction reservation required. Disney currently lists no active virtual queues; check My Disney Experience just before the visit because this can change.,Yes,Open / current,Multi Pass,Yes,Yes,No,No – included within the paid Multi Pass product; no separate per-attraction purchase.,2026-08-24,2008,5,N/A,N/A,FALSE,TRUE,indoor,TRUE,FALSE,TRUE,none,none,transfer_to_ride_vehicle,TRUE,False,False,False,False,טוי סטורי מאניה,
Disney's Hollywood Studios|Attraction|The Twilight Zone Tower of Terror,Disney World,Disney's Hollywood Studios,Theme Park,Sunset Boulevard,Attraction,The Twilight Zone Tower of Terror,Drop ride,4,Valid admission to Disney's Hollywood Studios. Park Hopper is NOT required unless you plan to visit another Disney theme park the same day.,Lightning Lane Multi Pass. Included within Multi Pass; no separate per-attraction Single Pass purchase required. Also included with Premier Pass.,No separate attraction reservation required. Disney currently lists no active virtual queues; check My Disney Experience just before the visit because this can change.,Yes,Open / current,Multi Pass,Yes,Yes,No,No – included within the paid Multi Pass product; no separate per-attraction purchase.,2026-08-24,1994,5,63,0,TRUE,FALSE,indoor,TRUE,FALSE,TRUE,102,none,transfer_to_ride_vehicle,TRUE,True,True,True,True,טאוור אוף טרור,
Disney's Hollywood Studios|Attraction|Vacation Fun,Disney World,Disney's Hollywood Studios,Theme Park,Animation Courtyard,Attraction,Vacation Fun,Film / theater show,1,Valid admission to Disney's Hollywood Studios. Park Hopper is NOT required unless you plan to visit another Disney theme park the same day.,No current Lightning Lane Multi Pass or Single Pass access.,No separate attraction reservation required. Disney currently lists no active virtual queues; check My Disney Experience just before the visit because this can change.,Yes,Open / current,None,No,No,No,N/A – no Lightning Lane product currently offered for this experience.,2026-08-24,2020,10,N/A,N/A,N/A,N/A,indoor,TRUE,N/A,TRUE,none,none,remain_in_wheelchair,FALSE,True,False,False,False,ויקיישן פאן,
Disney's Hollywood Studios|Attraction|Walt Disney Presents,Disney World,Disney's Hollywood Studios,Theme Park,Animation Courtyard,Attraction,Walt Disney Presents,Walk-through,1,Valid admission to Disney's Hollywood Studios. Park Hopper is NOT required unless you plan to visit another Disney theme park the same day.,No current Lightning Lane Multi Pass or Single Pass access.,No separate attraction reservation required. Disney currently lists no active virtual queues; check My Disney Experience just before the visit because this can change.,Yes,Open / current,None,No,No,No,N/A – no Lightning Lane product currently offered for this experience.,2026-08-25,2001,N/A,N/A,N/A,N/A,N/A,indoor,TRUE,N/A,TRUE,none,none,remain_in_wheelchair,FALSE,True,False,False,False,וולט דיסני פרזנטס,
Disney's Hollywood Studios|Attraction|The Magic of Disney Animation,Disney World,Disney's Hollywood Studios,Theme Park,Animation Courtyard,Attraction,The Magic of Disney Animation,Walk-through,1,Valid admission to Disney's Hollywood Studios. Park Hopper is NOT required unless you plan to visit another Disney theme park the same day.,No current Lightning Lane Multi Pass or Single Pass access.,No separate attraction reservation required. Disney currently lists no active virtual queues; check My Disney Experience just before the visit because this can change.,Yes,"Opens Sep 14, 2026; expected to be available for late-Sep visits, subject to change.",None,No,No,No,N/A – no Lightning Lane product currently offered for this experience.,2026-08-24,2026,N/A,N/A,N/A,N/A,N/A,indoor,TRUE,N/A,TRUE,none,none,remain_in_wheelchair,FALSE,False,False,False,False,דה מג'יק אוף דיסני אנימיישן,
Disney's Hollywood Studios|Entertainment|Beauty and the Beast – Live on Stage,Disney World,Disney's Hollywood Studios,Theme Park,Sunset Boulevard,Entertainment,Beauty and the Beast – Live on Stage,Stage show,1,Valid admission to Disney's Hollywood Studios. Park Hopper is NOT required unless you plan to visit another Disney theme park the same day.,Lightning Lane Multi Pass. Included within Multi Pass; no separate per-attraction Single Pass purchase required. Also included with Premier Pass.,Usually no separate reservation; arrive for the scheduled performance. Some shows have optional Lightning Lane where listed.,Yes,Open / current,Multi Pass,Yes,Yes,No,No – included within the paid Multi Pass product; no separate per-attraction purchase.,2026-08-24,1991,25,N/A,N/A,N/A,N/A,outdoor,FALSE,N/A,FALSE,none,N/A,remain_in_wheelchair,FALSE,False,N/A,True,False,ביוטי אנד דה ביסט – לייב און סטייג',
Disney's Hollywood Studios|Entertainment|Disney Jr. Mickey Mouse Clubhouse Live!,Disney World,Disney's Hollywood Studios,Theme Park,Animation Courtyard,Entertainment,Disney Jr. Mickey Mouse Clubhouse Live!,Stage show,1,Valid admission to Disney's Hollywood Studios. Park Hopper is NOT required unless you plan to visit another Disney theme park the same day.,Lightning Lane Multi Pass. Included within Multi Pass; no separate per-attraction Single Pass purchase required. Also included with Premier Pass.,Usually no separate reservation; arrive for the scheduled performance. Some shows have optional Lightning Lane where listed.,Yes,Open / current,Multi Pass,Yes,Yes,No,No – included within the paid Multi Pass product; no separate per-attraction purchase.,2026-08-24,2025,20,N/A,N/A,N/A,N/A,outdoor,FALSE,N/A,FALSE,none,N/A,remain_in_wheelchair,FALSE,False,N/A,True,False,דיסני ג'וניור: מיקי מאוס קלאבהאוס לייב,
Disney's Hollywood Studios|Entertainment|Disney Villains: Unfairly Ever After,Disney World,Disney's Hollywood Studios,Theme Park,Sunset Boulevard,Entertainment,Disney Villains: Unfairly Ever After,Stage show,1,Valid admission to Disney's Hollywood Studios. Park Hopper is NOT required unless you plan to visit another Disney theme park the same day.,No current Lightning Lane Multi Pass or Single Pass access.,Usually no separate reservation; arrive for the scheduled performance. Some shows have optional Lightning Lane where listed.,Yes,Open / current,None,No,No,No,N/A – no Lightning Lane product currently offered for this experience.,2026-08-24,2025,15,N/A,N/A,N/A,N/A,indoor,TRUE,N/A,TRUE,none,N/A,remain_in_wheelchair,FALSE,True,N/A,True,False,דיסני וילנס: אנפיירלי אבר אפטר,
Disney's Hollywood Studios|Entertainment|For the First Time in Forever: A Frozen Sing-Along Celebration,Disney World,Disney's Hollywood Studios,Theme Park,Echo Lake,Entertainment,For the First Time in Forever: A Frozen Sing-Along Celebration,Stage show,1,Valid admission to Disney's Hollywood Studios. Park Hopper is NOT required unless you plan to visit another Disney theme park the same day.,Lightning Lane Multi Pass. Included within Multi Pass; no separate per-attraction Single Pass purchase required. Also included with Premier Pass.,Usually no separate reservation; arrive for the scheduled performance. Some shows have optional Lightning Lane where listed.,Yes,Open / current,Multi Pass,Yes,Yes,No,No – included within the paid Multi Pass product; no separate per-attraction purchase.,2026-08-25,2014,30,N/A,N/A,N/A,N/A,indoor,TRUE,N/A,FALSE,none,N/A,remain_in_wheelchair,FALSE,True,N/A,True,False,פרוזן סינג-אלונג,
Disney's Hollywood Studios|Entertainment|Indiana Jones Epic Stunt Spectacular!,Disney World,Disney's Hollywood Studios,Theme Park,Echo Lake,Entertainment,Indiana Jones Epic Stunt Spectacular!,Stunt show,1,Valid admission to Disney's Hollywood Studios. Park Hopper is NOT required unless you plan to visit another Disney theme park the same day.,Lightning Lane Multi Pass. Included within Multi Pass; no separate per-attraction Single Pass purchase required. Also included with Premier Pass.,Usually no separate reservation; arrive for the scheduled performance. Some shows have optional Lightning Lane where listed.,Yes,Open / current,Multi Pass,Yes,Yes,No,No – included within the paid Multi Pass product; no separate per-attraction purchase.,2026-08-24,1989,30,N/A,N/A,N/A,N/A,outdoor,FALSE,N/A,FALSE,none,N/A,remain_in_wheelchair,FALSE,False,N/A,True,False,אינדיאנה ג'ונס אפיק סטאנט ספקטקיולר,
Disney's Hollywood Studios|Entertainment|The Little Mermaid – A Musical Adventure,Disney World,Disney's Hollywood Studios,Theme Park,Animation Courtyard,Entertainment,The Little Mermaid – A Musical Adventure,Stage show,1,Valid admission to Disney's Hollywood Studios. Park Hopper is NOT required unless you plan to visit another Disney theme park the same day.,Lightning Lane Multi Pass. Included within Multi Pass; no separate per-attraction Single Pass purchase required. Also included with Premier Pass.,Usually no separate reservation; arrive for the scheduled performance. Some shows have optional Lightning Lane where listed.,Yes,Open / current,Multi Pass,Yes,Yes,No,No – included within the paid Multi Pass product; no separate per-attraction purchase.,2026-08-24,2025,18,N/A,N/A,N/A,N/A,indoor,TRUE,N/A,TRUE,none,N/A,remain_in_wheelchair,FALSE,True,N/A,True,False,דה ליטל מרמייד – מיוזיקל אדוונצ'ר,
Disney's Hollywood Studios|Entertainment|Fantasmic!,Disney World,Disney's Hollywood Studios,Theme Park,Sunset Boulevard,Entertainment,Fantasmic!,Nighttime spectacular,1,Valid admission to Disney's Hollywood Studios. Park Hopper is NOT required unless you plan to visit another Disney theme park the same day.,No current Lightning Lane Multi Pass or Single Pass access.,Usually no separate reservation; arrive for the scheduled performance. Some shows have optional Lightning Lane where listed.,Yes,Open / current,None,No,No,No,N/A – no Lightning Lane product currently offered for this experience.,2026-08-24,1998,30,N/A,N/A,N/A,N/A,outdoor,FALSE,N/A,TRUE,none,N/A,remain_in_wheelchair,FALSE,False,N/A,True,True,פנטזמיק,
Disney's Hollywood Studios|Entertainment|Wonderful World of Animation,Disney World,Disney's Hollywood Studios,Theme Park,Chinese Theatre,Entertainment,Wonderful World of Animation,Projection show,1,Valid admission to Disney's Hollywood Studios. Park Hopper is NOT required unless you plan to visit another Disney theme park the same day.,No current Lightning Lane Multi Pass or Single Pass access.,Usually no separate reservation; arrive for the scheduled performance. Some shows have optional Lightning Lane where listed.,Yes,Open / current,None,No,No,No,N/A – no Lightning Lane product currently offered for this experience.,2026-08-25,2019,12,N/A,N/A,N/A,N/A,outdoor,FALSE,N/A,TRUE,none,N/A,remain_in_wheelchair,FALSE,False,N/A,True,True,וונדרפול וורלד אוף אנימיישן,
Disney's Hollywood Studios|Entertainment|Disney Movie Magic,Disney World,Disney's Hollywood Studios,Theme Park,Chinese Theatre,Entertainment,Disney Movie Magic,Projection show,1,Valid admission to Disney's Hollywood Studios. Park Hopper is NOT required unless you plan to visit another Disney theme park the same day.,No current Lightning Lane Multi Pass or Single Pass access.,Usually no separate reservation; arrive for the scheduled performance. Some shows have optional Lightning Lane where listed.,Yes,Open / current,None,No,No,No,N/A – no Lightning Lane product currently offered for this experience.,2026-08-25,2017,10,N/A,N/A,N/A,N/A,outdoor,FALSE,N/A,TRUE,none,N/A,remain_in_wheelchair,FALSE,False,N/A,True,True,דיסני מובי מג'יק,
Disney's Animal Kingdom|Attraction|Avatar Flight of Passage,Disney World,Disney's Animal Kingdom,Theme Park,Pandora – The World of Avatar,Attraction,Avatar Flight of Passage,Flying theater,3,Valid admission to Disney's Animal Kingdom. Park Hopper is NOT required unless you plan to visit another Disney theme park the same day.,Lightning Lane Single Pass. NOT included in Multi Pass. Requires a separate paid Single Pass purchase; price varies by attraction and date. Also included with Premier Pass.,No separate attraction reservation required. Disney currently lists no active virtual queues; check My Disney Experience just before the visit because this can change.,Yes,Open / current,Single Pass,Yes,No,Yes,Yes – separate paid Single Pass; price varies by attraction and date.,2026-08-24,2017,5,N/A,N/A,FALSE,FALSE,indoor,TRUE,TRUE,TRUE,112,none,transfer_to_ride_vehicle,TRUE,True,True,False,True,אווטאר פלייט אוף פסג',
Disney's Animal Kingdom|Attraction|Bluey's Wild World at Conservation Station,Disney World,Disney's Animal Kingdom,Theme Park,Rafiki's Planet Watch,Attraction,Bluey's Wild World at Conservation Station,Play area,1,Valid admission to Disney's Animal Kingdom. Park Hopper is NOT required unless you plan to visit another Disney theme park the same day.,No current Lightning Lane Multi Pass or Single Pass access.,No separate attraction reservation required. Disney currently lists no active virtual queues; check My Disney Experience just before the visit because this can change.,Yes,Open / current,None,No,No,No,N/A – no Lightning Lane product currently offered for this experience.,2026-08-24,2026,N/A,N/A,N/A,N/A,N/A,mixed,TRUE,N/A,N/A,none,none,remain_in_wheelchair,FALSE,False,False,False,False,בלואיז ויילד וורלד,
Disney's Animal Kingdom|Attraction|Discovery Island Trails,Disney World,Disney's Animal Kingdom,Theme Park,Discovery Island,Attraction,Discovery Island Trails,Walking trail,1,Valid admission to Disney's Animal Kingdom. Park Hopper is NOT required unless you plan to visit another Disney theme park the same day.,No current Lightning Lane Multi Pass or Single Pass access.,No separate attraction reservation required. Disney currently lists no active virtual queues; check My Disney Experience just before the visit because this can change.,Yes,Open / current,None,No,No,No,N/A – no Lightning Lane product currently offered for this experience.,2026-08-24,1998,N/A,N/A,N/A,N/A,N/A,outdoor,FALSE,N/A,N/A,none,none,remain_in_wheelchair,FALSE,False,False,False,False,דיסקברי איילנד טריילס,
Disney's Animal Kingdom|Attraction|Expedition Everest – Legend of the Forbidden Mountain,Disney World,Disney's Animal Kingdom,Theme Park,Asia,Attraction,Expedition Everest – Legend of the Forbidden Mountain,Roller coaster,4,Valid admission to Disney's Animal Kingdom. Park Hopper is NOT required unless you plan to visit another Disney theme park the same day.,Lightning Lane Multi Pass. Included within Multi Pass; no separate per-attraction Single Pass purchase required. Also included with Premier Pass.,No separate attraction reservation required. Disney currently lists no active virtual queues; check My Disney Experience just before the visit because this can change.,Yes,Open / current,Multi Pass,Yes,Yes,No,No – included within the paid Multi Pass product; no separate per-attraction purchase.,2026-08-24,2006,3,80,0,TRUE,FALSE,mixed,TRUE,FALSE,FALSE,112,none,transfer_to_ride_vehicle,TRUE,True,True,True,True,אקספדישן אוורסט,אוורסט
Disney's Animal Kingdom|Attraction|Gorilla Falls Exploration Trail,Disney World,Disney's Animal Kingdom,Theme Park,Africa,Attraction,Gorilla Falls Exploration Trail,Walking trail,1,Valid admission to Disney's Animal Kingdom. Park Hopper is NOT required unless you plan to visit another Disney theme park the same day.,No current Lightning Lane Multi Pass or Single Pass access.,No separate attraction reservation required. Disney currently lists no active virtual queues; check My Disney Experience just before the visit because this can change.,Yes,Open / current,None,No,No,No,N/A – no Lightning Lane product currently offered for this experience.,2026-08-24,1998,N/A,N/A,N/A,N/A,N/A,outdoor,FALSE,N/A,N/A,none,none,remain_in_wheelchair,FALSE,False,False,False,False,גורילה פולס אקספלוריישן טרייל,
Disney's Animal Kingdom|Attraction|Kali River Rapids,Disney World,Disney's Animal Kingdom,Theme Park,Asia,Attraction,Kali River Rapids,River rapids,2,Valid admission to Disney's Animal Kingdom. Park Hopper is NOT required unless you plan to visit another Disney theme park the same day.,Lightning Lane Multi Pass. Included within Multi Pass; no separate per-attraction Single Pass purchase required. Also included with Premier Pass.,No separate attraction reservation required. Disney currently lists no active virtual queues; check My Disney Experience just before the visit because this can change.,Yes,Open / current,Multi Pass,Yes,Yes,No,No – included within the paid Multi Pass product; no separate per-attraction purchase.,2026-08-24,1999,4,N/A,N/A,TRUE,TRUE,outdoor,FALSE,FALSE,FALSE,97,may_get_soaked,transfer_to_ride_vehicle,FALSE,False,False,True,False,קאלי ריבר ראפידס,
Disney's Animal Kingdom|Attraction|Kilimanjaro Safaris,Disney World,Disney's Animal Kingdom,Theme Park,Africa,Attraction,Kilimanjaro Safaris,Safari,1,Valid admission to Disney's Animal Kingdom. Park Hopper is NOT required unless you plan to visit another Disney theme park the same day.,Lightning Lane Multi Pass. Included within Multi Pass; no separate per-attraction Single Pass purchase required. Also included with Premier Pass.,No separate attraction reservation required. Disney currently lists no active virtual queues; check My Disney Experience just before the visit because this can change.,Yes,Open / current,Multi Pass,Yes,Yes,No,No – included within the paid Multi Pass product; no separate per-attraction purchase.,2026-08-24,1998,20,N/A,N/A,FALSE,FALSE,outdoor,FALSE,FALSE,FALSE,none,none,transfer_ecv_to_wheelchair,FALSE,False,False,False,False,קילימנג'רו ספאריס,
Disney's Animal Kingdom|Attraction|Maharajah Jungle Trek,Disney World,Disney's Animal Kingdom,Theme Park,Asia,Attraction,Maharajah Jungle Trek,Walking trail,1,Valid admission to Disney's Animal Kingdom. Park Hopper is NOT required unless you plan to visit another Disney theme park the same day.,No current Lightning Lane Multi Pass or Single Pass access.,No separate attraction reservation required. Disney currently lists no active virtual queues; check My Disney Experience just before the visit because this can change.,Yes,Open / current,None,No,No,No,N/A – no Lightning Lane product currently offered for this experience.,2026-08-24,1999,N/A,N/A,N/A,N/A,N/A,outdoor,FALSE,N/A,N/A,none,none,remain_in_wheelchair,FALSE,False,False,False,False,מהרג'ה ג'אנגל טרק,
Disney's Animal Kingdom|Attraction|Na'vi River Journey,Disney World,Disney's Animal Kingdom,Theme Park,Pandora – The World of Avatar,Attraction,Na'vi River Journey,Boat ride,1,Valid admission to Disney's Animal Kingdom. Park Hopper is NOT required unless you plan to visit another Disney theme park the same day.,Lightning Lane Multi Pass. Included within Multi Pass; no separate per-attraction Single Pass purchase required. Also included with Premier Pass.,No separate attraction reservation required. Disney currently lists no active virtual queues; check My Disney Experience just before the visit because this can change.,Yes,Open / current,Multi Pass,Yes,Yes,No,No – included within the paid Multi Pass product; no separate per-attraction purchase.,2026-08-24,2017,5,N/A,N/A,FALSE,FALSE,indoor,TRUE,FALSE,TRUE,none,none,transfer_to_ride_vehicle,FALSE,True,False,False,False,נאבי ריבר ג'ורני,
Disney's Animal Kingdom|Attraction|The Oasis Exhibits,Disney World,Disney's Animal Kingdom,Theme Park,Oasis,Attraction,The Oasis Exhibits,Walk-through,1,Valid admission to Disney's Animal Kingdom. Park Hopper is NOT required unless you plan to visit another Disney theme park the same day.,No current Lightning Lane Multi Pass or Single Pass access.,No separate attraction reservation required. Disney currently lists no active virtual queues; check My Disney Experience just before the visit because this can change.,Yes,Open / current,None,No,No,No,N/A – no Lightning Lane product currently offered for this experience.,2026-08-24,1998,N/A,N/A,N/A,N/A,N/A,outdoor,FALSE,N/A,N/A,none,none,remain_in_wheelchair,FALSE,False,False,False,False,דה אואזיס אקזיביטס,
Disney's Animal Kingdom|Attraction|Tree of Life,Disney World,Disney's Animal Kingdom,Theme Park,Discovery Island,Attraction,Tree of Life,Walk-through,1,Valid admission to Disney's Animal Kingdom. Park Hopper is NOT required unless you plan to visit another Disney theme park the same day.,No current Lightning Lane Multi Pass or Single Pass access.,No separate attraction reservation required. Disney currently lists no active virtual queues; check My Disney Experience just before the visit because this can change.,Yes,Open / current,None,No,No,No,N/A – no Lightning Lane product currently offered for this experience.,2026-08-24,1998,N/A,N/A,N/A,N/A,N/A,outdoor,FALSE,N/A,N/A,none,none,remain_in_wheelchair,FALSE,False,False,False,False,טרי אוף לייף,
Disney's Animal Kingdom|Attraction|Wilderness Explorers,Disney World,Disney's Animal Kingdom,Theme Park,Park-wide,Attraction,Wilderness Explorers,Walk-through,1,Valid admission to Disney's Animal Kingdom. Park Hopper is NOT required unless you plan to visit another Disney theme park the same day.,No current Lightning Lane Multi Pass or Single Pass access.,No separate attraction reservation required. Disney currently lists no active virtual queues; check My Disney Experience just before the visit because this can change.,Yes,Open / current,None,No,No,No,N/A – no Lightning Lane product currently offered for this experience.,2026-08-24,2013,N/A,N/A,N/A,N/A,N/A,outdoor,FALSE,N/A,N/A,none,none,remain_in_wheelchair,FALSE,False,False,False,False,וילדרנס אקספלוררס,
Disney's Animal Kingdom|Attraction|Wildlife Express Train,Disney World,Disney's Animal Kingdom,Theme Park,Africa / Rafiki's Planet Watch,Attraction,Wildlife Express Train,Train,1,Valid admission to Disney's Animal Kingdom. Park Hopper is NOT required unless you plan to visit another Disney theme park the same day.,No current Lightning Lane Multi Pass or Single Pass access.,No separate attraction reservation required. Disney currently lists no active virtual queues; check My Disney Experience just before the visit because this can change.,Yes,Open / current,None,No,No,No,N/A – no Lightning Lane product currently offered for this experience.,2026-08-24,1998,7,N/A,N/A,FALSE,FALSE,outdoor,FALSE,FALSE,FALSE,none,none,remain_in_wheelchair,FALSE,False,False,False,False,ויילדלייף אקספרס טריין,
Disney's Animal Kingdom|Attraction|Animal Care at Conservation Station,Disney World,Disney's Animal Kingdom,Theme Park,Rafiki's Planet Watch,Attraction,Animal Care at Conservation Station,Walk-through,1,Valid admission to Disney's Animal Kingdom. Park Hopper is NOT required unless you plan to visit another Disney theme park the same day.,No current Lightning Lane Multi Pass or Single Pass access.,No separate attraction reservation required. Disney currently lists no active virtual queues; check My Disney Experience just before the visit because this can change.,Yes,Open / current,None,No,No,No,N/A – no Lightning Lane product currently offered for this experience.,2026-08-24,1999,N/A,N/A,N/A,N/A,N/A,indoor,TRUE,N/A,N/A,none,none,remain_in_wheelchair,FALSE,False,False,False,False,אנימל קר אט קונסרביישן סטיישן,
Disney's Animal Kingdom|Entertainment|Feathered Friends in Flight!,Disney World,Disney's Animal Kingdom,Theme Park,Asia,Entertainment,Feathered Friends in Flight!,Animal presentation,1,Valid admission to Disney's Animal Kingdom. Park Hopper is NOT required unless you plan to visit another Disney theme park the same day.,Lightning Lane Multi Pass. Included within Multi Pass; no separate per-attraction Single Pass purchase required. Also included with Premier Pass.,Usually no separate reservation; arrive for the scheduled performance. Some shows have optional Lightning Lane where listed.,Yes,Open / current,Multi Pass,Yes,Yes,No,No – included within the paid Multi Pass product; no separate per-attraction purchase.,2026-08-25,2020,25,N/A,N/A,N/A,N/A,outdoor,FALSE,N/A,FALSE,none,N/A,remain_in_wheelchair,FALSE,False,N/A,False,False,פדרד פרנדס אין פלייט,
Disney's Animal Kingdom|Entertainment|Festival of the Lion King,Disney World,Disney's Animal Kingdom,Theme Park,Africa,Entertainment,Festival of the Lion King,Stage show,1,Valid admission to Disney's Animal Kingdom. Park Hopper is NOT required unless you plan to visit another Disney theme park the same day.,Lightning Lane Multi Pass. Included within Multi Pass; no separate per-attraction Single Pass purchase required. Also included with Premier Pass.,Usually no separate reservation; arrive for the scheduled performance. Some shows have optional Lightning Lane where listed.,Yes,Open / current,Multi Pass,Yes,Yes,No,No – included within the paid Multi Pass product; no separate per-attraction purchase.,2026-08-24,1998,30,N/A,N/A,N/A,N/A,indoor,TRUE,N/A,FALSE,none,N/A,remain_in_wheelchair,FALSE,True,N/A,True,TRUE,פסטיבל אוף דה ליון קינג,
Disney's Animal Kingdom|Entertainment|Finding Nemo: The Big Blue... and Beyond!,Disney World,Disney's Animal Kingdom,Theme Park,Theater in the Wild,Entertainment,Finding Nemo: The Big Blue... and Beyond!,Stage show,1,Valid admission to Disney's Animal Kingdom. Park Hopper is NOT required unless you plan to visit another Disney theme park the same day.,Lightning Lane Multi Pass. Included within Multi Pass; no separate per-attraction Single Pass purchase required. Also included with Premier Pass.,Usually no separate reservation; arrive for the scheduled performance. Some shows have optional Lightning Lane where listed.,Yes,Open / current,Multi Pass,Yes,Yes,No,No – included within the paid Multi Pass product; no separate per-attraction purchase.,2026-08-25,2022,25,N/A,N/A,N/A,N/A,indoor,TRUE,N/A,FALSE,none,N/A,remain_in_wheelchair,FALSE,True,N/A,TRUE,TRUE,פיינדינג נמו: דה ביג בלו אנד ביונד,
Disney's Animal Kingdom|Entertainment|Harambe Village Street Band – Burudika,Disney World,Disney's Animal Kingdom,Theme Park,Africa,Entertainment,Harambe Village Street Band – Burudika,Live music,1,Valid admission to Disney's Animal Kingdom. Park Hopper is NOT required unless you plan to visit another Disney theme park the same day.,No current Lightning Lane Multi Pass or Single Pass access.,Usually no separate reservation; arrive for the scheduled performance. Some shows have optional Lightning Lane where listed.,Yes,Open / current,None,No,No,No,N/A – no Lightning Lane product currently offered for this experience.,2026-08-24,2019,20,N/A,N/A,N/A,N/A,outdoor,FALSE,N/A,FALSE,none,N/A,remain_in_wheelchair,FALSE,False,N/A,False,False,הרמבה וילג' סטריט בנד – בורודיקה,
Disney's Animal Kingdom|Entertainment|Jumping Junction,Disney World,Disney's Animal Kingdom,Theme Park,Rafiki's Planet Watch / Conservation Station,Entertainment,Jumping Junction,Stage show,1,Valid admission to Disney's Animal Kingdom. Park Hopper is NOT required unless you plan to visit another Disney theme park the same day.,No current Lightning Lane Multi Pass or Single Pass access.,Usually no separate reservation; arrive for the scheduled performance. Some shows have optional Lightning Lane where listed.,Yes,Open / current,None,No,No,No,N/A – no Lightning Lane product currently offered for this experience.,2026-08-24,2026,N/A,N/A,N/A,N/A,N/A,outdoor,FALSE,N/A,FALSE,none,N/A,remain_in_wheelchair,FALSE,False,N/A,False,False,ג'אמפינג ג'נקשן,
Disney's Animal Kingdom|Entertainment|Tam Tam Drummers of Harambe,Disney World,Disney's Animal Kingdom,Theme Park,Africa,Entertainment,Tam Tam Drummers of Harambe,Live music,1,Valid admission to Disney's Animal Kingdom. Park Hopper is NOT required unless you plan to visit another Disney theme park the same day.,No current Lightning Lane Multi Pass or Single Pass access.,Usually no separate reservation; arrive for the scheduled performance. Some shows have optional Lightning Lane where listed.,Yes,Open / current,None,No,No,No,N/A – no Lightning Lane product currently offered for this experience.,2026-08-24,1998,20,N/A,N/A,N/A,N/A,outdoor,FALSE,N/A,FALSE,none,N/A,remain_in_wheelchair,FALSE,False,N/A,False,False,טאם טאם דראמרס אוף הרמבה,
Disney's Animal Kingdom|Entertainment|Tree of Life Awakenings,Disney World,Disney's Animal Kingdom,Theme Park,Discovery Island,Entertainment,Tree of Life Awakenings,Projection show,1,Valid admission to Disney's Animal Kingdom. Park Hopper is NOT required unless you plan to visit another Disney theme park the same day.,No current Lightning Lane Multi Pass or Single Pass access.,Usually no separate reservation; arrive for the scheduled performance. Some shows have optional Lightning Lane where listed.,Yes,Open / current,None,No,No,No,N/A – no Lightning Lane product currently offered for this experience.,2026-08-25,2016,10,N/A,N/A,N/A,N/A,outdoor,FALSE,N/A,TRUE,none,N/A,remain_in_wheelchair,FALSE,False,N/A,False,TRUE,טרי אוף לייף אווייקנינגס,
Disney's Animal Kingdom|Entertainment|Viva Gaia Street Band!,Disney World,Disney's Animal Kingdom,Theme Park,Discovery Island,Entertainment,Viva Gaia Street Band!,Live music,1,Valid admission to Disney's Animal Kingdom. Park Hopper is NOT required unless you plan to visit another Disney theme park the same day.,No current Lightning Lane Multi Pass or Single Pass access.,Usually no separate reservation; arrive for the scheduled performance. Some shows have optional Lightning Lane where listed.,Yes,Open / current,None,No,No,No,N/A – no Lightning Lane product currently offered for this experience.,2026-08-24,2022,20,N/A,N/A,N/A,N/A,outdoor,FALSE,N/A,FALSE,none,N/A,remain_in_wheelchair,FALSE,False,N/A,False,False,ויוה גאיה סטריט בנד,
Disney's Animal Kingdom|Entertainment|Winged Encounters – The Kingdom Takes Flight,Disney World,Disney's Animal Kingdom,Theme Park,Discovery Island,Entertainment,Winged Encounters – The Kingdom Takes Flight,Animal presentation,1,Valid admission to Disney's Animal Kingdom. Park Hopper is NOT required unless you plan to visit another Disney theme park the same day.,No current Lightning Lane Multi Pass or Single Pass access.,Usually no separate reservation; arrive for the scheduled performance. Some shows have optional Lightning Lane where listed.,Yes,Open / current,None,No,No,No,N/A – no Lightning Lane product currently offered for this experience.,2026-08-24,2014,10,N/A,N/A,N/A,N/A,outdoor,FALSE,N/A,FALSE,none,N/A,remain_in_wheelchair,FALSE,False,N/A,False,False,ווינגד אנקאונטרס,
Disney's Animal Kingdom|Entertainment|Zootopia: Better Zoogether!,Disney World,Disney's Animal Kingdom,Theme Park,Tree of Life Theater,Entertainment,Zootopia: Better Zoogether!,Film / theater show,1,Valid admission to Disney's Animal Kingdom. Park Hopper is NOT required unless you plan to visit another Disney theme park the same day.,Lightning Lane Multi Pass. Included within Multi Pass; no separate per-attraction Single Pass purchase required. Also included with Premier Pass.,Usually no separate reservation; arrive for the scheduled performance. Some shows have optional Lightning Lane where listed.,Yes,Open / current,Multi Pass,Yes,Yes,No,No – included within the paid Multi Pass product; no separate per-attraction purchase.,2026-08-24,2025,12,N/A,N/A,N/A,N/A,indoor,TRUE,N/A,TRUE,none,N/A,remain_in_wheelchair,FALSE,True,N/A,TRUE,TRUE,זוטופיה: בטר זוטוגדר,
Disney's Typhoon Lagoon|Attraction|Bay Slides,Disney World,Disney's Typhoon Lagoon,Water Park,Typhoon Lagoon,Attraction,Bay Slides,Body slide,1,Valid Disney water-park admission/entitlement for Disney's Typhoon Lagoon (e.g. 1-Day Water Park Ticket or eligible water-park option).,N/A – Disney Lightning Lane products do not apply to the water parks.,No separate attraction reservation required. Disney currently lists no active virtual queues; check My Disney Experience just before the visit because this can change.,Yes,Open / current,N/A,N/A,N/A,N/A,N/A,2026-08-24,1989,N/A,N/A,N/A,TRUE,FALSE,outdoor,N/A,N/A,N/A,152,may_get_soaked,must_be_ambulatory,FALSE,False,False,False,False,ביי סליידס,
Disney's Typhoon Lagoon|Attraction|Castaway Creek,Disney World,Disney's Typhoon Lagoon,Water Park,Park-wide,Attraction,Castaway Creek,Lazy river,1,Valid Disney water-park admission/entitlement for Disney's Typhoon Lagoon (e.g. 1-Day Water Park Ticket or eligible water-park option).,N/A – Disney Lightning Lane products do not apply to the water parks.,No separate attraction reservation required. Disney currently lists no active virtual queues; check My Disney Experience just before the visit because this can change.,Yes,Open / current,N/A,N/A,N/A,N/A,N/A,2026-08-24,1989,N/A,N/A,N/A,FALSE,FALSE,outdoor,N/A,N/A,N/A,none,may_get_soaked,transfer_to_ride_vehicle,FALSE,False,False,False,False,קאסטאוויי קריק,
Disney's Typhoon Lagoon|Attraction|Crush 'n' Gusher,Disney World,Disney's Typhoon Lagoon,Water Park,Hideaway Bay,Attraction,Crush 'n' Gusher,Water coaster,4,Valid Disney water-park admission/entitlement for Disney's Typhoon Lagoon (e.g. 1-Day Water Park Ticket or eligible water-park option).,N/A – Disney Lightning Lane products do not apply to the water parks.,No separate attraction reservation required. Disney currently lists no active virtual queues; check My Disney Experience just before the visit because this can change.,Yes,Open / current,N/A,N/A,N/A,N/A,N/A,2026-08-24,2005,N/A,N/A,N/A,TRUE,FALSE,outdoor,N/A,N/A,N/A,122,may_get_soaked,transfer_wheelchair_then_ride,TRUE,True,True,False,False,קראש אנד גאשר,
Disney's Typhoon Lagoon|Attraction|Gangplank Falls,Disney World,Disney's Typhoon Lagoon,Water Park,Mount Mayday,Attraction,Gangplank Falls,River rapids,2,Valid Disney water-park admission/entitlement for Disney's Typhoon Lagoon (e.g. 1-Day Water Park Ticket or eligible water-park option).,N/A – Disney Lightning Lane products do not apply to the water parks.,No separate attraction reservation required. Disney currently lists no active virtual queues; check My Disney Experience just before the visit because this can change.,Yes,Open / current,N/A,N/A,N/A,N/A,N/A,2026-08-24,1989,N/A,N/A,N/A,FALSE,TRUE,outdoor,N/A,N/A,N/A,none,may_get_soaked,must_be_ambulatory,FALSE,False,False,False,False,גאנגפלאנק פולס,
Disney's Typhoon Lagoon|Attraction|Humunga Kowabunga,Disney World,Disney's Typhoon Lagoon,Water Park,Mount Mayday,Attraction,Humunga Kowabunga,Body slide,4,Valid Disney water-park admission/entitlement for Disney's Typhoon Lagoon (e.g. 1-Day Water Park Ticket or eligible water-park option).,N/A – Disney Lightning Lane products do not apply to the water parks.,No separate attraction reservation required. Disney currently lists no active virtual queues; check My Disney Experience just before the visit because this can change.,Yes,Open / current,N/A,N/A,N/A,N/A,N/A,2026-08-24,1989,N/A,N/A,N/A,TRUE,FALSE,outdoor,N/A,N/A,N/A,122,may_get_soaked,must_be_ambulatory,FALSE,True,True,False,False,הומונגה קוואבונגה,
Disney's Typhoon Lagoon|Attraction|Keelhaul Falls,Disney World,Disney's Typhoon Lagoon,Water Park,Mount Mayday,Attraction,Keelhaul Falls,Tube / raft slide,2,Valid Disney water-park admission/entitlement for Disney's Typhoon Lagoon (e.g. 1-Day Water Park Ticket or eligible water-park option).,N/A – Disney Lightning Lane products do not apply to the water parks.,No separate attraction reservation required. Disney currently lists no active virtual queues; check My Disney Experience just before the visit because this can change.,Yes,Open / current,N/A,N/A,N/A,N/A,N/A,2026-08-24,1989,N/A,N/A,N/A,FALSE,TRUE,outdoor,N/A,N/A,N/A,none,may_get_soaked,must_be_ambulatory,TRUE,False,True,False,False,קילהול פולס,
Disney's Typhoon Lagoon|Attraction|Ketchakiddee Creek,Disney World,Disney's Typhoon Lagoon,Water Park,Ketchakiddee Creek,Attraction,Ketchakiddee Creek,Water play area,1,Valid Disney water-park admission/entitlement for Disney's Typhoon Lagoon (e.g. 1-Day Water Park Ticket or eligible water-park option).,N/A – Disney Lightning Lane products do not apply to the water parks.,No separate attraction reservation required. Disney currently lists no active virtual queues; check My Disney Experience just before the visit because this can change.,Yes,Open / current,N/A,N/A,N/A,N/A,N/A,2026-08-24,1989,N/A,N/A,N/A,FALSE,FALSE,outdoor,N/A,N/A,N/A,122,may_get_soaked,transfer_ecv_to_wheelchair,FALSE,False,False,False,False,קטצ'אקידי קריק,
Disney's Typhoon Lagoon|Attraction|Mayday Falls,Disney World,Disney's Typhoon Lagoon,Water Park,Mount Mayday,Attraction,Mayday Falls,Tube / raft slide,3,Valid Disney water-park admission/entitlement for Disney's Typhoon Lagoon (e.g. 1-Day Water Park Ticket or eligible water-park option).,N/A – Disney Lightning Lane products do not apply to the water parks.,No separate attraction reservation required. Disney currently lists no active virtual queues; check My Disney Experience just before the visit because this can change.,Yes,Open / current,N/A,N/A,N/A,N/A,N/A,2026-08-24,1989,N/A,N/A,N/A,TRUE,TRUE,outdoor,N/A,N/A,N/A,none,may_get_soaked,must_be_ambulatory,TRUE,True,True,False,False,מיידיי פולס,
Disney's Typhoon Lagoon|Attraction|Miss Adventure Falls,Disney World,Disney's Typhoon Lagoon,Water Park,Mount Mayday,Attraction,Miss Adventure Falls,River rapids,2,Valid Disney water-park admission/entitlement for Disney's Typhoon Lagoon (e.g. 1-Day Water Park Ticket or eligible water-park option).,N/A – Disney Lightning Lane products do not apply to the water parks.,No separate attraction reservation required. Disney currently lists no active virtual queues; check My Disney Experience just before the visit because this can change.,Yes,Open / current,N/A,N/A,N/A,N/A,N/A,2026-08-24,2017,N/A,N/A,N/A,TRUE,TRUE,outdoor,N/A,N/A,N/A,none,may_get_soaked,transfer_to_ride_vehicle,TRUE,False,False,False,False,מיס אדוונצ'ר פולס,
Disney's Typhoon Lagoon|Attraction|Storm Slides,Disney World,Disney's Typhoon Lagoon,Water Park,Mount Mayday,Attraction,Storm Slides,Body slide,3,Valid Disney water-park admission/entitlement for Disney's Typhoon Lagoon (e.g. 1-Day Water Park Ticket or eligible water-park option).,N/A – Disney Lightning Lane products do not apply to the water parks.,No separate attraction reservation required. Disney currently lists no active virtual queues; check My Disney Experience just before the visit because this can change.,Yes,Open / current,N/A,N/A,N/A,N/A,N/A,2026-08-24,1989,N/A,N/A,N/A,TRUE,TRUE,outdoor,N/A,N/A,N/A,none,may_get_soaked,must_be_ambulatory,FALSE,False,True,False,False,סטורם סליידס,
Disney's Typhoon Lagoon|Attraction|Typhoon Lagoon Surf Pool,Disney World,Disney's Typhoon Lagoon,Water Park,Surf Pool,Attraction,Typhoon Lagoon Surf Pool,Wave pool,3,Valid Disney water-park admission/entitlement for Disney's Typhoon Lagoon (e.g. 1-Day Water Park Ticket or eligible water-park option).,N/A – Disney Lightning Lane products do not apply to the water parks.,No separate attraction reservation required. Disney currently lists no active virtual queues; check My Disney Experience just before the visit because this can change.,Yes,Open / current,N/A,N/A,N/A,N/A,N/A,2026-08-24,1989,N/A,N/A,N/A,TRUE,FALSE,outdoor,N/A,N/A,N/A,none,may_get_soaked,transfer_ecv_to_wheelchair,FALSE,False,False,True,False,טייפון לגון סרף פול,
Disney's Blizzard Beach|Attraction|Chairlift,Disney World,Disney's Blizzard Beach,Water Park,Mount Gushmore,Attraction,Chairlift,Chairlift,1,Valid Disney water-park admission/entitlement for Disney's Blizzard Beach (e.g. 1-Day Water Park Ticket or eligible water-park option).,N/A – Disney Lightning Lane products do not apply to the water parks.,No separate attraction reservation required. Disney currently lists no active virtual queues; check My Disney Experience just before the visit because this can change.,Yes,Open / current,N/A,N/A,N/A,N/A,N/A,2026-08-24,1995,N/A,N/A,N/A,FALSE,FALSE,outdoor,N/A,FALSE,FALSE,81,none,transfer_ecv_to_wheelchair,FALSE,False,True,False,False,צ'יירליפט,
Disney's Blizzard Beach|Attraction|Cross Country Creek,Disney World,Disney's Blizzard Beach,Water Park,Park-wide,Attraction,Cross Country Creek,Lazy river,1,Valid Disney water-park admission/entitlement for Disney's Blizzard Beach (e.g. 1-Day Water Park Ticket or eligible water-park option).,N/A – Disney Lightning Lane products do not apply to the water parks.,No separate attraction reservation required. Disney currently lists no active virtual queues; check My Disney Experience just before the visit because this can change.,Yes,Open / current,N/A,N/A,N/A,N/A,N/A,2026-08-24,1995,N/A,N/A,N/A,FALSE,FALSE,outdoor,N/A,N/A,N/A,none,may_get_soaked,transfer_to_ride_vehicle,FALSE,False,False,False,False,קרוס קאנטרי קריק,
Disney's Blizzard Beach|Attraction|Downhill Double Dipper,Disney World,Disney's Blizzard Beach,Water Park,Mount Gushmore,Attraction,Downhill Double Dipper,Tube / raft slide,4,Valid Disney water-park admission/entitlement for Disney's Blizzard Beach (e.g. 1-Day Water Park Ticket or eligible water-park option).,N/A – Disney Lightning Lane products do not apply to the water parks.,No separate attraction reservation required. Disney currently lists no active virtual queues; check My Disney Experience just before the visit because this can change.,Yes,Open / current,N/A,N/A,N/A,N/A,N/A,2026-08-24,1997,N/A,N/A,N/A,TRUE,FALSE,outdoor,N/A,N/A,N/A,122,may_get_soaked,must_be_ambulatory,FALSE,True,True,False,False,דאונהיל דאבל דיפר,
Disney's Blizzard Beach|Attraction|Melt-Away Bay,Disney World,Disney's Blizzard Beach,Water Park,Melt-Away Bay,Attraction,Melt-Away Bay,Wave pool,2,Valid Disney water-park admission/entitlement for Disney's Blizzard Beach (e.g. 1-Day Water Park Ticket or eligible water-park option).,N/A – Disney Lightning Lane products do not apply to the water parks.,No separate attraction reservation required. Disney currently lists no active virtual queues; check My Disney Experience just before the visit because this can change.,Yes,Open / current,N/A,N/A,N/A,N/A,N/A,2026-08-24,1995,N/A,N/A,N/A,TRUE,FALSE,outdoor,N/A,N/A,N/A,none,may_get_soaked,transfer_ecv_to_wheelchair,FALSE,False,False,False,False,מלט-אוויי ביי,
Disney's Blizzard Beach|Attraction|Runoff Rapids,Disney World,Disney's Blizzard Beach,Water Park,Mount Gushmore,Attraction,Runoff Rapids,Tube / raft slide,3,Valid Disney water-park admission/entitlement for Disney's Blizzard Beach (e.g. 1-Day Water Park Ticket or eligible water-park option).,N/A – Disney Lightning Lane products do not apply to the water parks.,No separate attraction reservation required. Disney currently lists no active virtual queues; check My Disney Experience just before the visit because this can change.,Yes,Open / current,N/A,N/A,N/A,N/A,N/A,2026-08-24,1995,N/A,N/A,N/A,TRUE,TRUE,outdoor,N/A,N/A,N/A,none,may_get_soaked,transfer_to_ride_vehicle,TRUE,True,True,False,False,ראנאוף ראפידס,
Disney's Blizzard Beach|Attraction|Ski Patrol Training Camp,Disney World,Disney's Blizzard Beach,Water Park,Ski Patrol Training Camp,Attraction,Ski Patrol Training Camp,Water play area,1,Valid Disney water-park admission/entitlement for Disney's Blizzard Beach (e.g. 1-Day Water Park Ticket or eligible water-park option).,N/A – Disney Lightning Lane products do not apply to the water parks.,No separate attraction reservation required. Disney currently lists no active virtual queues; check My Disney Experience just before the visit because this can change.,Yes,Open / current,N/A,N/A,N/A,N/A,N/A,2026-08-24,1995,N/A,N/A,N/A,FALSE,FALSE,outdoor,N/A,N/A,N/A,none,may_get_soaked,transfer_ecv_to_wheelchair,FALSE,False,False,False,False,סקי פטרול טריינינג קאמפ,
Disney's Blizzard Beach|Attraction|Slush Gusher,Disney World,Disney's Blizzard Beach,Water Park,Mount Gushmore,Attraction,Slush Gusher,Body slide,4,Valid Disney water-park admission/entitlement for Disney's Blizzard Beach (e.g. 1-Day Water Park Ticket or eligible water-park option).,N/A – Disney Lightning Lane products do not apply to the water parks.,No separate attraction reservation required. Disney currently lists no active virtual queues; check My Disney Experience just before the visit because this can change.,Yes,Check current Disney calendar before visit; refurbishment status can change.,N/A,N/A,N/A,N/A,N/A,2026-08-24,1995,N/A,N/A,N/A,TRUE,FALSE,outdoor,N/A,N/A,N/A,122,may_get_soaked,transfer_to_ride_vehicle,FALSE,False,True,False,False,סלאש גאשר,
Disney's Blizzard Beach|Attraction|Snow Stormers,Disney World,Disney's Blizzard Beach,Water Park,Mount Gushmore,Attraction,Snow Stormers,Body slide,2,Valid Disney water-park admission/entitlement for Disney's Blizzard Beach (e.g. 1-Day Water Park Ticket or eligible water-park option).,N/A – Disney Lightning Lane products do not apply to the water parks.,No separate attraction reservation required. Disney currently lists no active virtual queues; check My Disney Experience just before the visit because this can change.,Yes,Open / current,N/A,N/A,N/A,N/A,N/A,2026-08-24,1995,N/A,N/A,N/A,FALSE,TRUE,outdoor,N/A,N/A,N/A,none,may_get_soaked,transfer_to_ride_vehicle,FALSE,False,True,False,False,סנואו סטורמרס,
Disney's Blizzard Beach|Attraction|Summit Plummet,Disney World,Disney's Blizzard Beach,Water Park,Mount Gushmore,Attraction,Summit Plummet,Body slide,4,Valid Disney water-park admission/entitlement for Disney's Blizzard Beach (e.g. 1-Day Water Park Ticket or eligible water-park option).,N/A – Disney Lightning Lane products do not apply to the water parks.,No separate attraction reservation required. Disney currently lists no active virtual queues; check My Disney Experience just before the visit because this can change.,Yes,Open / current,N/A,N/A,N/A,N/A,N/A,2026-08-24,1995,N/A,N/A,N/A,TRUE,FALSE,outdoor,N/A,N/A,N/A,122,may_get_soaked,must_be_ambulatory,FALSE,True,True,False,False,סאמיט פלאמט,
Disney's Blizzard Beach|Attraction|Teamboat Springs,Disney World,Disney's Blizzard Beach,Water Park,Mount Gushmore,Attraction,Teamboat Springs,River rapids,2,Valid Disney water-park admission/entitlement for Disney's Blizzard Beach (e.g. 1-Day Water Park Ticket or eligible water-park option).,N/A – Disney Lightning Lane products do not apply to the water parks.,No separate attraction reservation required. Disney currently lists no active virtual queues; check My Disney Experience just before the visit because this can change.,Yes,Open / current,N/A,N/A,N/A,N/A,N/A,2026-08-24,1995,N/A,N/A,N/A,TRUE,TRUE,outdoor,N/A,N/A,N/A,none,may_get_soaked,transfer_to_ride_vehicle,TRUE,False,False,False,False,טימבוט ספרינגס,
Disney's Blizzard Beach|Attraction|Tike's Peak,Disney World,Disney's Blizzard Beach,Water Park,Tike's Peak,Attraction,Tike's Peak,Water play area,1,Valid Disney water-park admission/entitlement for Disney's Blizzard Beach (e.g. 1-Day Water Park Ticket or eligible water-park option).,N/A – Disney Lightning Lane products do not apply to the water parks.,No separate attraction reservation required. Disney currently lists no active virtual queues; check My Disney Experience just before the visit because this can change.,Yes,Open / current,N/A,N/A,N/A,N/A,N/A,2026-08-24,1995,N/A,N/A,N/A,FALSE,FALSE,outdoor,N/A,N/A,N/A,122,may_get_soaked,,FALSE,False,False,False,False,טייקס פיק,
Disney's Blizzard Beach|Attraction|Toboggan Racers,Disney World,Disney's Blizzard Beach,Water Park,Mount Gushmore,Attraction,Toboggan Racers,Mat racing slide,3,Valid Disney water-park admission/entitlement for Disney's Blizzard Beach (e.g. 1-Day Water Park Ticket or eligible water-park option).,N/A – Disney Lightning Lane products do not apply to the water parks.,No separate attraction reservation required. Disney currently lists no active virtual queues; check My Disney Experience just before the visit because this can change.,Yes,Open / current,N/A,N/A,N/A,N/A,N/A,2026-08-24,1995,N/A,N/A,N/A,TRUE,FALSE,outdoor,N/A,N/A,N/A,none,may_get_soaked,transfer_to_ride_vehicle,FALSE,False,True,False,False,טובוגן רייסרס,
Universal Studios Florida|Attraction|Illumination's Villain-Con Minion Blast,Universal Orlando,Universal Studios Florida,Theme Park,Illumination's Minion Land,Attraction,Illumination's Villain-Con Minion Blast,Interactive dark ride,1,Valid admission to Universal Studios Florida (1-Day park ticket or eligible multi-day/Annual/Seasonal Pass).,Optional paid: Universal Express Pass at this attraction (separate valid park admission required).,No separate ride reservation normally required; use standby/approved access options. Check Universal app for day-of changes.,Yes,Open / current,N/A,N/A,N/A,N/A,N/A,2026-08-24,2023,5,N/A,N/A,FALSE,FALSE,indoor,TRUE,FALSE,TRUE,none,none,remain_in_wheelchair,FALSE,TRUE,FALSE,TRUE,TRUE,אילומיניישנ'ס וילן-קון מיניון בלאסט,
Universal Studios Florida|Attraction|Despicable Me Minion Mayhem,Universal Orlando,Universal Studios Florida,Theme Park,Illumination's Minion Land,Attraction,Despicable Me Minion Mayhem,Motion simulator,1,Valid admission to Universal Studios Florida (1-Day park ticket or eligible multi-day/Annual/Seasonal Pass).,Optional paid: Universal Express Pass at this attraction (separate valid park admission required).,No separate ride reservation normally required; use standby/approved access options. Check Universal app for day-of changes.,Yes,Open / current,N/A,N/A,N/A,N/A,N/A,2026-08-24,2012,8,N/A,N/A,FALSE,FALSE,indoor,TRUE,TRUE,TRUE,102,none,remain_in_wheelchair,TRUE,TRUE,FALSE,TRUE,TRUE,דספיקבל מי מיניון מייהם,
Universal Studios Florida|Attraction|TRANSFORMERS: The Ride-3D,Universal Orlando,Universal Studios Florida,Theme Park,New York / Production Central,Attraction,TRANSFORMERS: The Ride-3D,3D / 4D ride,2,Valid admission to Universal Studios Florida (1-Day park ticket or eligible multi-day/Annual/Seasonal Pass).,Optional paid: Universal Express Pass at this attraction (separate valid park admission required).,No separate ride reservation normally required; use standby/approved access options. Check Universal app for day-of changes.,Yes,Open / current,N/A,N/A,N/A,N/A,N/A,2026-08-24,2013,5,N/A,N/A,FALSE,FALSE,indoor,TRUE,TRUE,TRUE,102,none,transfer_to_ride_vehicle,TRUE,TRUE,TRUE,TRUE,TRUE,טרנספורמרס: דה רייד 3D,
Universal Studios Florida|Attraction|Race Through New York Starring Jimmy Fallon,Universal Orlando,Universal Studios Florida,Theme Park,New York,Attraction,Race Through New York Starring Jimmy Fallon,Motion simulator,2,Valid admission to Universal Studios Florida (1-Day park ticket or eligible multi-day/Annual/Seasonal Pass).,Optional paid: Universal Express Pass at this attraction (separate valid park admission required).,No separate ride reservation normally required; use standby/approved access options. Check Universal app for day-of changes.,Yes,Open / current,N/A,N/A,N/A,N/A,N/A,2026-08-24,2017,5,N/A,N/A,FALSE,FALSE,indoor,TRUE,TRUE,TRUE,102,none,transfer_to_ride_vehicle,TRUE,TRUE,FALSE,TRUE,TRUE,רייס ת'רו ניו יורק סטארינג ג'ימי פאלון,
Universal Studios Florida|Attraction|Revenge of the Mummy,Universal Orlando,Universal Studios Florida,Theme Park,New York,Attraction,Revenge of the Mummy,Indoor coaster,3,Valid admission to Universal Studios Florida (1-Day park ticket or eligible multi-day/Annual/Seasonal Pass).,Optional paid: Universal Express Pass at this attraction (separate valid park admission required).,No separate ride reservation normally required; use standby/approved access options. Check Universal app for day-of changes.,Yes,Open / current,N/A,N/A,N/A,N/A,N/A,2026-08-24,2004,3,72,0,TRUE,FALSE,indoor,TRUE,FALSE,FALSE,122,none,transfer_to_ride_vehicle,TRUE,TRUE,FALSE,TRUE,TRUE,רבנג' אוף דה מאמי,המומיה
Universal Studios Florida|Attraction|Fast & Furious – Supercharged,Universal Orlando,Universal Studios Florida,Theme Park,San Francisco,Attraction,Fast & Furious – Supercharged,Dark ride,2,Valid admission to Universal Studios Florida (1-Day park ticket or eligible multi-day/Annual/Seasonal Pass).,Optional paid: Universal Express Pass at this attraction (separate valid park admission required).,No separate ride reservation normally required; use standby/approved access options. Check Universal app for day-of changes.,Yes,Open / current,N/A,N/A,N/A,N/A,N/A,2026-08-24,2018,5,N/A,N/A,FALSE,FALSE,indoor,TRUE,TRUE,TRUE,102,none,remain_in_wheelchair,TRUE,TRUE,FALSE,TRUE,TRUE,פאסט אנד פיוריוס: סופרצ'ארג'ד,
Universal Studios Florida|Attraction|Hogwarts Express – King's Cross Station,Universal Orlando,Universal Studios Florida,Theme Park,The Wizarding World of Harry Potter – Diagon Alley,Attraction,Hogwarts Express – King's Cross Station,Train,1,"Park-to-Park admission covering Universal Studios Florida + Universal Islands of Adventure, or an eligible Annual/Seasonal Pass, is REQUIRED. A one-park ticket is not sufficient.","Universal Express may be available at this attraction, but it does NOT replace the mandatory Park-to-Park admission. Verify current participation in the Universal app.",No separate ride reservation normally required; use standby/approved access options. Check Universal app for day-of changes.,Yes,Open / current,N/A,N/A,N/A,N/A,N/A,2026-08-24,2014,4,N/A,N/A,FALSE,FALSE,indoor,TRUE,FALSE,TRUE,none,none,remain_in_wheelchair,FALSE,TRUE,FALSE,TRUE,FALSE,הוגוורטס אקספרס – קינגס קרוס,
Universal Studios Florida|Attraction|Harry Potter and the Escape from Gringotts,Universal Orlando,Universal Studios Florida,Theme Park,The Wizarding World of Harry Potter – Diagon Alley,Attraction,Harry Potter and the Escape from Gringotts,Roller coaster,2,Valid admission to Universal Studios Florida (1-Day park ticket or eligible multi-day/Annual/Seasonal Pass).,Optional paid: Universal Express Pass at this attraction (separate valid park admission required).,No separate ride reservation normally required; use standby/approved access options. Check Universal app for day-of changes.,Yes,Open / current,N/A,N/A,N/A,N/A,N/A,2026-08-24,2014,5,34,0,TRUE,TRUE,indoor,TRUE,TRUE,TRUE,107,none,transfer_to_ride_vehicle,TRUE,TRUE,FALSE,TRUE,TRUE,הארי פוטר אנד דה אסקייפ פרום גרינגוטס,גרינגוטס
Universal Studios Florida|Attraction|MEN IN BLACK Alien Attack,Universal Orlando,Universal Studios Florida,Theme Park,World Expo,Attraction,MEN IN BLACK Alien Attack,Interactive dark ride,1,Valid admission to Universal Studios Florida (1-Day park ticket or eligible multi-day/Annual/Seasonal Pass).,Optional paid: Universal Express Pass at this attraction (separate valid park admission required).,No separate ride reservation normally required; use standby/approved access options. Check Universal app for day-of changes.,Yes,Open / current,N/A,N/A,N/A,N/A,N/A,2026-08-24,2000,5,N/A,N/A,FALSE,TRUE,indoor,TRUE,FALSE,TRUE,107,none,transfer_to_ride_vehicle,FALSE,TRUE,FALSE,TRUE,TRUE,מן אין בלאק: אליין אטאק,
Universal Studios Florida|Attraction|The Simpsons Ride,Universal Orlando,Universal Studios Florida,Theme Park,"Springfield, U.S.A.",Attraction,The Simpsons Ride,Motion simulator,1,Valid admission to Universal Studios Florida (1-Day park ticket or eligible multi-day/Annual/Seasonal Pass).,Optional paid: Universal Express Pass at this attraction (separate valid park admission required).,No separate ride reservation normally required; use standby/approved access options. Check Universal app for day-of changes.,Yes,Open / current,N/A,N/A,N/A,N/A,N/A,2026-08-24,2008,8,N/A,N/A,FALSE,FALSE,indoor,TRUE,TRUE,TRUE,102,none,transfer_to_ride_vehicle,TRUE,TRUE,TRUE,TRUE,TRUE,דה סימפסונס רייד,
Universal Studios Florida|Attraction|Kang & Kodos' Twirl 'n' Hurl,Universal Orlando,Universal Studios Florida,Theme Park,"Springfield, U.S.A.",Attraction,Kang & Kodos' Twirl 'n' Hurl,Spinner,1,Valid admission to Universal Studios Florida (1-Day park ticket or eligible multi-day/Annual/Seasonal Pass).,Not confirmed on the current official source used for this row; check the Universal app/official attraction page before buying Express.,No separate ride reservation normally required; use standby/approved access options. Check Universal app for day-of changes.,Yes,Open / current,N/A,N/A,N/A,N/A,N/A,2026-08-24,2012,2,N/A,N/A,FALSE,TRUE,outdoor,FALSE,FALSE,FALSE,none,none,transfer_to_ride_vehicle,FALSE,FALSE,FALSE,TRUE,FALSE,קאנג אנד קודוס טווירל אנד הרל,
Universal Studios Florida|Attraction|E.T. Adventure,Universal Orlando,Universal Studios Florida,Theme Park,Hollywood,Attraction,E.T. Adventure,Dark ride,1,Valid admission to Universal Studios Florida (1-Day park ticket or eligible multi-day/Annual/Seasonal Pass).,Optional paid: Universal Express Pass at this attraction (separate valid park admission required).,No separate ride reservation normally required; use standby/approved access options. Check Universal app for day-of changes.,Yes,Open / current,N/A,N/A,N/A,N/A,N/A,2026-08-24,1990,5,N/A,N/A,FALSE,FALSE,indoor,TRUE,FALSE,FALSE,86,none,transfer_to_ride_vehicle,FALSE,TRUE,FALSE,TRUE,TRUE,אי.טי. אדוונצ'ר,
Universal Studios Florida|Attraction|Trolls Trollercoaster,Universal Orlando,Universal Studios Florida,Theme Park,DreamWorks Land,Attraction,Trolls Trollercoaster,Family coaster,2,Valid admission to Universal Studios Florida (1-Day park ticket or eligible multi-day/Annual/Seasonal Pass).,Optional paid: Universal Express Pass at this attraction (separate valid park admission required).,No separate ride reservation normally required; use standby/approved access options. Check Universal app for day-of changes.,Yes,Open / current,N/A,N/A,N/A,N/A,N/A,2026-08-24,2024,1,35,0,FALSE,FALSE,outdoor,FALSE,FALSE,FALSE,91,none,transfer_to_ride_vehicle,FALSE,FALSE,FALSE,FALSE,FALSE,טרולס טרולרקוסטר,
Universal Studios Florida|Attraction|Po's Kung Fu Training Camp,Universal Orlando,Universal Studios Florida,Theme Park,DreamWorks Land,Attraction,Po's Kung Fu Training Camp,Play area,1,Valid admission to Universal Studios Florida (1-Day park ticket or eligible multi-day/Annual/Seasonal Pass).,Not confirmed on the current official source used for this row; check the Universal app/official attraction page before buying Express.,No separate ride reservation normally required; use standby/approved access options. Check Universal app for day-of changes.,Yes,Open / current,N/A,N/A,N/A,N/A,N/A,2026-08-24,2024,N/A,N/A,N/A,N/A,N/A,outdoor,FALSE,N/A,N/A,none,none,remain_in_wheelchair,FALSE,FALSE,FALSE,FALSE,FALSE,פוז קונג פו טריינינג קאמפ,
Universal Studios Florida|Attraction|Shrek's Swamp for Little Ogres,Universal Orlando,Universal Studios Florida,Theme Park,DreamWorks Land,Attraction,Shrek's Swamp for Little Ogres,Play area,1,Valid admission to Universal Studios Florida (1-Day park ticket or eligible multi-day/Annual/Seasonal Pass).,Not confirmed on the current official source used for this row; check the Universal app/official attraction page before buying Express.,No separate ride reservation normally required; use standby/approved access options. Check Universal app for day-of changes.,Yes,Open / current,N/A,N/A,N/A,N/A,N/A,2026-08-24,2024,N/A,N/A,N/A,N/A,N/A,outdoor,FALSE,N/A,N/A,none,none,remain_in_wheelchair,FALSE,FALSE,FALSE,FALSE,FALSE,שרקס סוואמפ פור ליטל אוגרס,
Universal Studios Florida|Attraction|Poppy's Playground,Universal Orlando,Universal Studios Florida,Theme Park,DreamWorks Land,Attraction,Poppy's Playground,Play area,1,Valid admission to Universal Studios Florida (1-Day park ticket or eligible multi-day/Annual/Seasonal Pass).,Not confirmed on the current official source used for this row; check the Universal app/official attraction page before buying Express.,No separate ride reservation normally required; use standby/approved access options. Check Universal app for day-of changes.,Yes,Open / current,N/A,N/A,N/A,N/A,N/A,2026-08-24,2024,N/A,N/A,N/A,N/A,N/A,outdoor,FALSE,N/A,N/A,none,none,remain_in_wheelchair,FALSE,FALSE,FALSE,FALSE,FALSE,פופיז פלייגראונד,
Universal Studios Florida|Attraction|King Harold's Swamp Symphony,Universal Orlando,Universal Studios Florida,Theme Park,DreamWorks Land,Attraction,King Harold's Swamp Symphony,Play area,1,Valid admission to Universal Studios Florida (1-Day park ticket or eligible multi-day/Annual/Seasonal Pass).,Not confirmed on the current official source used for this row; check the Universal app/official attraction page before buying Express.,No separate ride reservation normally required; use standby/approved access options. Check Universal app for day-of changes.,Yes,Open / current,N/A,N/A,N/A,N/A,N/A,2026-08-24,2024,N/A,N/A,N/A,N/A,N/A,outdoor,FALSE,N/A,N/A,none,none,remain_in_wheelchair,FALSE,FALSE,FALSE,FALSE,FALSE,קינג הרולדס סוואמפ סימפוני,
Universal Studios Florida|Attraction|Mama Luna Feline Fiesta,Universal Orlando,Universal Studios Florida,Theme Park,DreamWorks Land,Attraction,Mama Luna Feline Fiesta,Play area,1,Valid admission to Universal Studios Florida (1-Day park ticket or eligible multi-day/Annual/Seasonal Pass).,Not confirmed on the current official source used for this row; check the Universal app/official attraction page before buying Express.,No separate ride reservation normally required; use standby/approved access options. Check Universal app for day-of changes.,Yes,Open / current,N/A,N/A,N/A,N/A,N/A,2026-08-24,2024,N/A,N/A,N/A,N/A,N/A,outdoor,FALSE,N/A,N/A,none,none,remain_in_wheelchair,FALSE,FALSE,FALSE,FALSE,FALSE,מאמא לונה פיליין פיאסטה,
Universal Studios Florida|Attraction|Ollivanders – Diagon Alley,Universal Orlando,Universal Studios Florida,Theme Park,Diagon Alley,Attraction,Ollivanders – Diagon Alley,Interactive dark ride,1,Valid admission to Universal Studios Florida (1-Day park ticket or eligible multi-day/Annual/Seasonal Pass).,Not confirmed on the current official source used for this row; check the Universal app/official attraction page before buying Express.,No separate ride reservation normally required; use standby/approved access options. Check Universal app for day-of changes.,Yes,Open / current,N/A,N/A,N/A,N/A,N/A,2026-08-24,2014,7,N/A,N/A,N/A,N/A,indoor,TRUE,N/A,FALSE,none,none,remain_in_wheelchair,FALSE,TRUE,FALSE,FALSE,FALSE,אוליבנדרס – דיאגון אלי,
Universal Studios Florida|Entertainment|Illumination Theater,Universal Orlando,Universal Studios Florida,Theme Park,Illumination's Minion Land,Entertainment,Illumination Theater,Character show,1,Valid admission to Universal Studios Florida (1-Day park ticket or eligible multi-day/Annual/Seasonal Pass).,Not confirmed on the current official source used for this row; check the Universal app/official attraction page before buying Express.,No separate reservation normally required; check showtimes in Universal app.,Yes,Open / current,N/A,N/A,N/A,N/A,N/A,2026-08-24,2023,N/A,N/A,N/A,N/A,N/A,mixed,N/A,N/A,FALSE,none,N/A,remain_in_wheelchair,FALSE,FALSE,N/A,TRUE,FALSE,אילומיניישן ת'יאטר,
Universal Studios Florida|Entertainment|The Blues Brothers Show,Universal Orlando,Universal Studios Florida,Theme Park,New York,Entertainment,The Blues Brothers Show,Live music,1,Valid admission to Universal Studios Florida (1-Day park ticket or eligible multi-day/Annual/Seasonal Pass).,Not confirmed on the current official source used for this row; check the Universal app/official attraction page before buying Express.,No separate reservation normally required; check showtimes in Universal app.,Yes,Open / current,N/A,N/A,N/A,N/A,N/A,2026-08-24,1991,20,N/A,N/A,N/A,N/A,mixed,N/A,N/A,FALSE,none,N/A,remain_in_wheelchair,FALSE,FALSE,N/A,TRUE,FALSE,דה בלוז בראדרס שואו,
Universal Studios Florida|Entertainment|¡Vamos! – Báilalo,Universal Orlando,Universal Studios Florida,Theme Park,New York,Entertainment,¡Vamos! – Báilalo,Stage show,1,Valid admission to Universal Studios Florida (1-Day park ticket or eligible multi-day/Annual/Seasonal Pass).,Not confirmed on the current official source used for this row; check the Universal app/official attraction page before buying Express.,No separate reservation normally required; check showtimes in Universal app.,Yes,Open / current,N/A,N/A,N/A,N/A,N/A,2026-08-24,2024,10,N/A,N/A,N/A,N/A,mixed,N/A,N/A,FALSE,none,N/A,remain_in_wheelchair,FALSE,FALSE,N/A,TRUE,FALSE,ואמוס – ביילאלו,
Universal Studios Florida|Entertainment|DreamWorks Imagination Celebration,Universal Orlando,Universal Studios Florida,Theme Park,DreamWorks Land,Entertainment,DreamWorks Imagination Celebration,Stage show,1,Valid admission to Universal Studios Florida (1-Day park ticket or eligible multi-day/Annual/Seasonal Pass).,Not confirmed on the current official source used for this row; check the Universal app/official attraction page before buying Express.,No separate reservation normally required; check showtimes in Universal app.,Yes,Open / current,N/A,N/A,N/A,N/A,N/A,2026-08-24,2024,20,N/A,N/A,N/A,N/A,mixed,N/A,N/A,TRUE,none,N/A,remain_in_wheelchair,FALSE,FALSE,N/A,TRUE,TRUE,דרימוורקס אימג'יניישן סלבריישן,
Universal Studios Florida|Entertainment|Po Live!,Universal Orlando,Universal Studios Florida,Theme Park,DreamWorks Land,Entertainment,Po Live!,Character show,1,Valid admission to Universal Studios Florida (1-Day park ticket or eligible multi-day/Annual/Seasonal Pass).,Not confirmed on the current official source used for this row; check the Universal app/official attraction page before buying Express.,No separate reservation normally required; check showtimes in Universal app.,Yes,Open / current,N/A,N/A,N/A,N/A,N/A,2026-08-24,2024,10,N/A,N/A,N/A,N/A,mixed,N/A,N/A,TRUE,none,N/A,remain_in_wheelchair,FALSE,FALSE,N/A,TRUE,FALSE,פו לייב,
Universal Studios Florida|Entertainment|CineSational: A Symphonic Spectacular,Universal Orlando,Universal Studios Florida,Theme Park,Universal Studios Lagoon,Entertainment,CineSational: A Symphonic Spectacular,Nighttime spectacular,1,Valid admission to Universal Studios Florida (1-Day park ticket or eligible multi-day/Annual/Seasonal Pass).,Not confirmed on the current official source used for this row; check the Universal app/official attraction page before buying Express.,No separate reservation normally required; check showtimes in Universal app.,Yes,Open / current,N/A,N/A,N/A,N/A,N/A,2026-08-24,2024,22,N/A,N/A,N/A,N/A,mixed,N/A,N/A,TRUE,none,N/A,remain_in_wheelchair,FALSE,FALSE,N/A,TRUE,TRUE,סינסיישנל: סימפוניק ספקטקיולר,
Universal Studios Florida|Entertainment|Universal Mega Movie Parade,Universal Orlando,Universal Studios Florida,Theme Park,Park-wide parade route,Entertainment,Universal Mega Movie Parade,Parade,1,Valid admission to Universal Studios Florida (1-Day park ticket or eligible multi-day/Annual/Seasonal Pass).,Not confirmed on the current official source used for this row; check the Universal app/official attraction page before buying Express.,No separate reservation normally required; check showtimes in Universal app.,Yes,Open / current,N/A,N/A,N/A,N/A,N/A,2026-08-24,2024,30,N/A,N/A,N/A,N/A,mixed,N/A,N/A,FALSE,none,N/A,remain_in_wheelchair,FALSE,FALSE,N/A,TRUE,FALSE,יוניברסל מגה מובי פארייד,
Universal Studios Florida|Entertainment|The Bourne Stuntacular,Universal Orlando,Universal Studios Florida,Theme Park,Hollywood,Entertainment,The Bourne Stuntacular,Stunt show,1,Valid admission to Universal Studios Florida (1-Day park ticket or eligible multi-day/Annual/Seasonal Pass).,Not confirmed on the current official source used for this row; check the Universal app/official attraction page before buying Express.,No separate reservation normally required; check showtimes in Universal app.,Yes,Open / current,N/A,N/A,N/A,N/A,N/A,2026-08-24,2020,20,N/A,N/A,N/A,N/A,mixed,N/A,N/A,TRUE,none,N/A,remain_in_wheelchair,FALSE,TRUE,N/A,TRUE,TRUE,דה בורן סטאנטקיולר,
Universal Studios Florida|Entertainment|Universal Orlando's Horror Make-Up Show,Universal Orlando,Universal Studios Florida,Theme Park,Hollywood,Entertainment,Universal Orlando's Horror Make-Up Show,Stage show,1,Valid admission to Universal Studios Florida (1-Day park ticket or eligible multi-day/Annual/Seasonal Pass).,Not confirmed on the current official source used for this row; check the Universal app/official attraction page before buying Express.,No separate reservation normally required; check showtimes in Universal app.,Yes,"Temporarily unavailable May 12, 2026–Winter 2026; reopening date not exact.",N/A,N/A,N/A,N/A,N/A,2026-08-24,1990,25,N/A,N/A,N/A,N/A,mixed,N/A,N/A,FALSE,none,N/A,remain_in_wheelchair,FALSE,FALSE,N/A,TRUE,TRUE,יוניברסל אורלנדוז הורור מייק-אפ שואו,
Universal Studios Florida|Entertainment|The Tales of Beedle the Bard,Universal Orlando,Universal Studios Florida,Theme Park,Diagon Alley,Entertainment,The Tales of Beedle the Bard,Stage show,1,Valid admission to Universal Studios Florida (1-Day park ticket or eligible multi-day/Annual/Seasonal Pass).,Not confirmed on the current official source used for this row; check the Universal app/official attraction page before buying Express.,No separate reservation normally required; check showtimes in Universal app.,Yes,Open / current,N/A,N/A,N/A,N/A,N/A,2026-08-24,2014,10,N/A,N/A,N/A,N/A,mixed,N/A,N/A,FALSE,none,N/A,remain_in_wheelchair,FALSE,FALSE,N/A,TRUE,FALSE,דה טיילס אוף בידל דה בארד,
Universal Studios Florida|Entertainment|Celestina Warbeck and the Banshees,Universal Orlando,Universal Studios Florida,Theme Park,Diagon Alley,Entertainment,Celestina Warbeck and the Banshees,Live music,1,Valid admission to Universal Studios Florida (1-Day park ticket or eligible multi-day/Annual/Seasonal Pass).,Not confirmed on the current official source used for this row; check the Universal app/official attraction page before buying Express.,No separate reservation normally required; check showtimes in Universal app.,Yes,Open / current,N/A,N/A,N/A,N/A,N/A,2026-08-24,2014,12,N/A,N/A,N/A,N/A,mixed,N/A,N/A,FALSE,none,N/A,remain_in_wheelchair,FALSE,FALSE,N/A,TRUE,FALSE,סלסטינה וורבק אנד דה באנשיז,
Universal Islands of Adventure|Attraction|The Incredible Hulk Coaster,Universal Orlando,Universal Islands of Adventure,Theme Park,Marvel Super Hero Island,Attraction,The Incredible Hulk Coaster,Roller coaster,4,Valid admission to Universal Islands of Adventure (1-Day park ticket or eligible multi-day/Annual/Seasonal Pass).,Optional paid: Universal Express Pass at this attraction (separate valid park admission required).,No separate ride reservation normally required; use standby/approved access options. Check Universal app for day-of changes.,Yes,Open / current,N/A,N/A,N/A,N/A,N/A,2026-08-24,1999,2,108,7,TRUE,FALSE,outdoor,FALSE,FALSE,FALSE,137,none,transfer_to_ride_vehicle,TRUE,FALSE,TRUE,TRUE,TRUE,דה אינקרדיבל האלק קוסטר,
Universal Islands of Adventure|Attraction|Storm Force Accelatron,Universal Orlando,Universal Islands of Adventure,Theme Park,Marvel Super Hero Island,Attraction,Storm Force Accelatron,Spinner,1,Valid admission to Universal Islands of Adventure (1-Day park ticket or eligible multi-day/Annual/Seasonal Pass).,Optional paid: Universal Express Pass at this attraction (separate valid park admission required).,No separate ride reservation normally required; use standby/approved access options. Check Universal app for day-of changes.,Yes,Open / current,N/A,N/A,N/A,N/A,N/A,2026-08-24,2000,4,N/A,N/A,FALSE,TRUE,outdoor,FALSE,FALSE,FALSE,none,none,transfer_to_ride_vehicle,TRUE,FALSE,FALSE,FALSE,FALSE,סטורם פורס אקסלטרון,
Universal Islands of Adventure|Attraction|Doctor Doom's Fearfall,Universal Orlando,Universal Islands of Adventure,Theme Park,Marvel Super Hero Island,Attraction,Doctor Doom's Fearfall,Launch coaster,4,Valid admission to Universal Islands of Adventure (1-Day park ticket or eligible multi-day/Annual/Seasonal Pass).,Optional paid: Universal Express Pass at this attraction (separate valid park admission required).,No separate ride reservation normally required; use standby/approved access options. Check Universal app for day-of changes.,Yes,Open / current,N/A,N/A,N/A,N/A,N/A,2026-08-24,1999,1,64,N/A,TRUE,FALSE,outdoor,FALSE,FALSE,FALSE,132,none,transfer_to_ride_vehicle,TRUE,FALSE,TRUE,TRUE,TRUE,דוקטור דומס פירפול,
Universal Islands of Adventure|Attraction|The Amazing Adventures of Spider-Man,Universal Orlando,Universal Islands of Adventure,Theme Park,Marvel Super Hero Island,Attraction,The Amazing Adventures of Spider-Man,3D / 4D ride,2,Valid admission to Universal Islands of Adventure (1-Day park ticket or eligible multi-day/Annual/Seasonal Pass).,Optional paid: Universal Express Pass at this attraction (separate valid park admission required).,No separate ride reservation normally required; use standby/approved access options. Check Universal app for day-of changes.,Yes,Open / current,N/A,N/A,N/A,N/A,N/A,2026-08-24,1999,5,N/A,N/A,FALSE,TRUE,indoor,TRUE,TRUE,TRUE,102,none,transfer_to_ride_vehicle,TRUE,TRUE,FALSE,TRUE,TRUE,דה אמייזינג אדוונצ'רס אוף ספיידרמן,
"Universal Islands of Adventure|Attraction|Me Ship, The Olive",Universal Orlando,Universal Islands of Adventure,Theme Park,Toon Lagoon,Attraction,"Me Ship, The Olive",Play area,1,Valid admission to Universal Islands of Adventure (1-Day park ticket or eligible multi-day/Annual/Seasonal Pass).,Not confirmed on the current official source used for this row; check the Universal app/official attraction page before buying Express.,No separate ride reservation normally required; use standby/approved access options. Check Universal app for day-of changes.,Yes,Open / current,N/A,N/A,N/A,N/A,N/A,2026-08-24,1999,N/A,N/A,N/A,N/A,N/A,outdoor,FALSE,N/A,N/A,none,none,remain_in_wheelchair,FALSE,FALSE,FALSE,FALSE,FALSE,"מי שיפ, דה אוליב",
Universal Islands of Adventure|Attraction|Popeye & Bluto's Bilge-Rat Barges,Universal Orlando,Universal Islands of Adventure,Theme Park,Toon Lagoon,Attraction,Popeye & Bluto's Bilge-Rat Barges,River rapids,2,Valid admission to Universal Islands of Adventure (1-Day park ticket or eligible multi-day/Annual/Seasonal Pass).,Optional paid: Universal Express Pass at this attraction (separate valid park admission required).,No separate ride reservation normally required; use standby/approved access options. Check Universal app for day-of changes.,Yes,Open / current,N/A,N/A,N/A,N/A,N/A,2026-08-24,1999,10,N/A,N/A,FALSE,TRUE,outdoor,FALSE,FALSE,FALSE,107,may_get_soaked,transfer_to_ride_vehicle,FALSE,FALSE,FALSE,FALSE,FALSE,פופאי אנד בלוטוז בילג'-ראט בארג'ס,
Universal Islands of Adventure|Attraction|Dudley Do-Right's Ripsaw Falls,Universal Orlando,Universal Islands of Adventure,Theme Park,Toon Lagoon,Attraction,Dudley Do-Right's Ripsaw Falls,Log flume,2,Valid admission to Universal Islands of Adventure (1-Day park ticket or eligible multi-day/Annual/Seasonal Pass).,Optional paid: Universal Express Pass at this attraction (separate valid park admission required).,No separate ride reservation normally required; use standby/approved access options. Check Universal app for day-of changes.,Yes,Open / current,N/A,N/A,N/A,N/A,N/A,2026-08-24,1999,7,N/A,N/A,TRUE,FALSE,outdoor,FALSE,FALSE,FALSE,112,may_get_soaked,transfer_to_ride_vehicle,FALSE,FALSE,TRUE,FALSE,FALSE,דאדלי דו-רייטס ריפסו פולס,
Universal Islands of Adventure|Attraction|Skull Island: Reign of Kong,Universal Orlando,Universal Islands of Adventure,Theme Park,Skull Island,Attraction,Skull Island: Reign of Kong,Dark ride,2,Valid admission to Universal Islands of Adventure (1-Day park ticket or eligible multi-day/Annual/Seasonal Pass).,Optional paid: Universal Express Pass at this attraction (separate valid park admission required).,No separate ride reservation normally required; use standby/approved access options. Check Universal app for day-of changes.,Yes,Open / current,N/A,N/A,N/A,N/A,N/A,2026-08-24,2016,6,N/A,N/A,FALSE,FALSE,indoor,TRUE,TRUE,TRUE,91,none,transfer_to_ride_vehicle,TRUE,TRUE,FALSE,TRUE,TRUE,סקאל איילנד: ריין אוף קונג,
Universal Islands of Adventure|Attraction|Camp Jurassic,Universal Orlando,Universal Islands of Adventure,Theme Park,Jurassic Park,Attraction,Camp Jurassic,Play area,1,Valid admission to Universal Islands of Adventure (1-Day park ticket or eligible multi-day/Annual/Seasonal Pass).,Not confirmed on the current official source used for this row; check the Universal app/official attraction page before buying Express.,No separate ride reservation normally required; use standby/approved access options. Check Universal app for day-of changes.,Yes,Open / current,N/A,N/A,N/A,N/A,N/A,2026-08-25,1999,N/A,N/A,N/A,N/A,N/A,outdoor,FALSE,N/A,N/A,none,none,remain_in_wheelchair,FALSE,TRUE,FALSE,FALSE,FALSE,קאמפ ג'וראסיק,
Universal Islands of Adventure|Attraction|Pteranodon Flyers,Universal Orlando,Universal Islands of Adventure,Theme Park,Jurassic Park,Attraction,Pteranodon Flyers,Dark ride,1,Valid admission to Universal Islands of Adventure (1-Day park ticket or eligible multi-day/Annual/Seasonal Pass).,Not confirmed on the current official source used for this row; check the Universal app/official attraction page before buying Express.,No separate ride reservation normally required; use standby/approved access options. Check Universal app for day-of changes.,Yes,Open / current,N/A,N/A,N/A,N/A,N/A,2026-08-24,1999,2,N/A,N/A,FALSE,FALSE,outdoor,FALSE,FALSE,FALSE,91,none,transfer_to_ride_vehicle,FALSE,FALSE,TRUE,FALSE,FALSE,פטרנודון פליירס,
Universal Islands of Adventure|Attraction|Jurassic Park River Adventure,Universal Orlando,Universal Islands of Adventure,Theme Park,Jurassic Park,Attraction,Jurassic Park River Adventure,Drop ride,3,Valid admission to Universal Islands of Adventure (1-Day park ticket or eligible multi-day/Annual/Seasonal Pass).,Optional paid: Universal Express Pass at this attraction (separate valid park admission required).,No separate ride reservation normally required; use standby/approved access options. Check Universal app for day-of changes.,Yes,"Temporarily unavailable Jan 5–Nov 19, 2026 (official Universal closure schedule).",N/A,N/A,N/A,N/A,N/A,2026-08-24,1999,7,N/A,N/A,TRUE,FALSE,outdoor,FALSE,FALSE,FALSE,107,may_get_soaked,transfer_to_ride_vehicle,FALSE,TRUE,TRUE,TRUE,TRUE,ג'וראסיק פארק ריבר אדוונצ'ר,
Universal Islands of Adventure|Attraction|Raptor Encounter,Universal Orlando,Universal Islands of Adventure,Theme Park,Jurassic Park,Attraction,Raptor Encounter,Character meet,2,Valid admission to Universal Islands of Adventure (1-Day park ticket or eligible multi-day/Annual/Seasonal Pass).,Not confirmed on the current official source used for this row; check the Universal app/official attraction page before buying Express.,No separate ride reservation normally required; use standby/approved access options. Check Universal app for day-of changes.,Yes,Open / current,N/A,N/A,N/A,N/A,N/A,2026-08-25,2015,N/A,N/A,N/A,N/A,N/A,outdoor,FALSE,N/A,N/A,none,none,remain_in_wheelchair,FALSE,FALSE,FALSE,TRUE,FALSE,ראפטור אנקאונטר,
Universal Islands of Adventure|Attraction|Jurassic Park Discovery Center,Universal Orlando,Universal Islands of Adventure,Theme Park,Jurassic Park,Attraction,Jurassic Park Discovery Center,Walk-through,1,Valid admission to Universal Islands of Adventure (1-Day park ticket or eligible multi-day/Annual/Seasonal Pass).,Not confirmed on the current official source used for this row; check the Universal app/official attraction page before buying Express.,No separate ride reservation normally required; use standby/approved access options. Check Universal app for day-of changes.,Yes,Open / current,N/A,N/A,N/A,N/A,N/A,2026-08-24,1999,N/A,N/A,N/A,N/A,N/A,outdoor,FALSE,N/A,N/A,none,none,remain_in_wheelchair,FALSE,FALSE,FALSE,FALSE,FALSE,ג'וראסיק פארק דיסקברי סנטר,
Universal Islands of Adventure|Attraction|Jurassic World VelociCoaster,Universal Orlando,Universal Islands of Adventure,Theme Park,Jurassic Park,Attraction,Jurassic World VelociCoaster,Launch coaster,4,Valid admission to Universal Islands of Adventure (1-Day park ticket or eligible multi-day/Annual/Seasonal Pass).,Not confirmed on the current official source used for this row; check the Universal app/official attraction page before buying Express.,No separate ride reservation normally required; use standby/approved access options. Check Universal app for day-of changes.,Yes,Open / current,N/A,N/A,N/A,N/A,N/A,2026-08-24,2021,2,113,4,TRUE,FALSE,outdoor,FALSE,FALSE,FALSE,130,none,transfer_to_ride_vehicle,TRUE,FALSE,TRUE,TRUE,FALSE,ג'וראסיק וורלד ולוסיקוסטר,ולוסיקוסטר
Universal Islands of Adventure|Attraction|Flight of the Hippogriff,Universal Orlando,Universal Islands of Adventure,Theme Park,The Wizarding World of Harry Potter – Hogsmeade,Attraction,Flight of the Hippogriff,Family coaster,2,Valid admission to Universal Islands of Adventure (1-Day park ticket or eligible multi-day/Annual/Seasonal Pass).,Optional paid: Universal Express Pass at this attraction (separate valid park admission required).,No separate ride reservation normally required; use standby/approved access options. Check Universal app for day-of changes.,Yes,Open / current,N/A,N/A,N/A,N/A,N/A,2026-08-25,2010,1,47,0,FALSE,FALSE,outdoor,FALSE,FALSE,FALSE,91,none,transfer_to_ride_vehicle,FALSE,FALSE,FALSE,FALSE,FALSE,פלייט אוף דה היפוגריף,
Universal Islands of Adventure|Attraction|Harry Potter and the Forbidden Journey,Universal Orlando,Universal Islands of Adventure,Theme Park,The Wizarding World of Harry Potter – Hogsmeade,Attraction,Harry Potter and the Forbidden Journey,Dark ride,3,Valid admission to Universal Islands of Adventure (1-Day park ticket or eligible multi-day/Annual/Seasonal Pass).,Optional paid: Universal Express Pass at this attraction (separate valid park admission required).,No separate ride reservation normally required; use standby/approved access options. Check Universal app for day-of changes.,Yes,Open / current,N/A,N/A,N/A,N/A,N/A,2026-08-24,2010,4,N/A,N/A,FALSE,TRUE,indoor,TRUE,TRUE,TRUE,122,none,transfer_to_ride_vehicle,TRUE,TRUE,FALSE,TRUE,TRUE,הארי פוטר אנד דה פורבידן ג'ורני,פורבידן ג'ורני
Universal Islands of Adventure|Attraction|Hagrid's Magical Creatures Motorbike Adventure,Universal Orlando,Universal Islands of Adventure,Theme Park,The Wizarding World of Harry Potter – Hogsmeade,Attraction,Hagrid's Magical Creatures Motorbike Adventure,Launch coaster,3,Valid admission to Universal Islands of Adventure (1-Day park ticket or eligible multi-day/Annual/Seasonal Pass).,Optional paid: Universal Express Pass at this attraction (separate valid park admission required).,No separate ride reservation normally required; use standby/approved access options. Check Universal app for day-of changes.,Yes,Open / current,N/A,N/A,N/A,N/A,N/A,2026-08-24,2019,3,80,0,TRUE,FALSE,outdoor,FALSE,FALSE,FALSE,122,none,transfer_to_ride_vehicle,TRUE,TRUE,TRUE,TRUE,TRUE,האגרידס מג'יקל קריצ'רס מוטורבייק אדוונצ'ר,האגריד
Universal Islands of Adventure|Attraction|Hogwarts Express – Hogsmeade Station,Universal Orlando,Universal Islands of Adventure,Theme Park,The Wizarding World of Harry Potter – Hogsmeade,Attraction,Hogwarts Express – Hogsmeade Station,Train,1,"Park-to-Park admission covering Universal Studios Florida + Universal Islands of Adventure, or an eligible Annual/Seasonal Pass, is REQUIRED. A one-park ticket is not sufficient.","Universal Express may be available at this attraction, but it does NOT replace the mandatory Park-to-Park admission. Verify current participation in the Universal app.",No separate ride reservation normally required; use standby/approved access options. Check Universal app for day-of changes.,Yes,Open / current,N/A,N/A,N/A,N/A,N/A,2026-08-24,2014,4,N/A,N/A,FALSE,FALSE,indoor,TRUE,FALSE,TRUE,none,none,remain_in_wheelchair,FALSE,TRUE,FALSE,TRUE,FALSE,הוגוורטס אקספרס – הוגסמיד,
Universal Islands of Adventure|Attraction|The High in the Sky Seuss Trolley Train Ride!,Universal Orlando,Universal Islands of Adventure,Theme Park,Seuss Landing,Attraction,The High in the Sky Seuss Trolley Train Ride!,Dark ride,1,Valid admission to Universal Islands of Adventure (1-Day park ticket or eligible multi-day/Annual/Seasonal Pass).,Optional paid: Universal Express Pass at this attraction (separate valid park admission required).,No separate ride reservation normally required; use standby/approved access options. Check Universal app for day-of changes.,Yes,Open / current,N/A,N/A,N/A,N/A,N/A,2026-08-24,2006,6,N/A,N/A,FALSE,FALSE,outdoor,FALSE,FALSE,FALSE,91,none,transfer_to_ride_vehicle,FALSE,FALSE,TRUE,FALSE,FALSE,דה היי אין דה סקיי סוס טרולי טריין,
Universal Islands of Adventure|Attraction|Caro-Seuss-el,Universal Orlando,Universal Islands of Adventure,Theme Park,Seuss Landing,Attraction,Caro-Seuss-el,Carousel,1,Valid admission to Universal Islands of Adventure (1-Day park ticket or eligible multi-day/Annual/Seasonal Pass).,Optional paid: Universal Express Pass at this attraction (separate valid park admission required).,No separate ride reservation normally required; use standby/approved access options. Check Universal app for day-of changes.,Yes,Open / current,N/A,N/A,N/A,N/A,N/A,2026-08-25,1999,2,N/A,N/A,FALSE,TRUE,outdoor,FALSE,FALSE,FALSE,none,none,transfer_to_ride_vehicle,FALSE,FALSE,FALSE,FALSE,FALSE,קארו-סוס-אל,
"Universal Islands of Adventure|Attraction|One Fish, Two Fish, Red Fish, Blue Fish",Universal Orlando,Universal Islands of Adventure,Theme Park,Seuss Landing,Attraction,"One Fish, Two Fish, Red Fish, Blue Fish",Spinner,1,Valid admission to Universal Islands of Adventure (1-Day park ticket or eligible multi-day/Annual/Seasonal Pass).,Not confirmed on the current official source used for this row; check the Universal app/official attraction page before buying Express.,No separate ride reservation normally required; use standby/approved access options. Check Universal app for day-of changes.,Yes,Open / current,N/A,N/A,N/A,N/A,N/A,2026-08-24,1999,4,N/A,N/A,FALSE,TRUE,outdoor,FALSE,FALSE,FALSE,none,may_get_wet,transfer_to_ride_vehicle,FALSE,FALSE,FALSE,FALSE,FALSE,"וואן פיש, טו פיש, רד פיש, בלו פיש",
Universal Islands of Adventure|Attraction|The Cat in the Hat,Universal Orlando,Universal Islands of Adventure,Theme Park,Seuss Landing,Attraction,The Cat in the Hat,Dark ride,1,Valid admission to Universal Islands of Adventure (1-Day park ticket or eligible multi-day/Annual/Seasonal Pass).,Optional paid: Universal Express Pass at this attraction (separate valid park admission required).,No separate ride reservation normally required; use standby/approved access options. Check Universal app for day-of changes.,Yes,Open / current,N/A,N/A,N/A,N/A,N/A,2026-08-24,1999,4,N/A,N/A,FALSE,TRUE,indoor,TRUE,FALSE,FALSE,91,none,transfer_to_ride_vehicle,FALSE,TRUE,FALSE,TRUE,TRUE,דה קאט אין דה האט,
Universal Islands of Adventure|Attraction|If I Ran The Zoo,Universal Orlando,Universal Islands of Adventure,Theme Park,Seuss Landing,Attraction,If I Ran The Zoo,Play area,1,Valid admission to Universal Islands of Adventure (1-Day park ticket or eligible multi-day/Annual/Seasonal Pass).,Not confirmed on the current official source used for this row; check the Universal app/official attraction page before buying Express.,No separate ride reservation normally required; use standby/approved access options. Check Universal app for day-of changes.,Yes,Open / current,N/A,N/A,N/A,N/A,N/A,2026-08-24,1999,N/A,N/A,N/A,N/A,N/A,outdoor,FALSE,N/A,N/A,none,none,remain_in_wheelchair,FALSE,FALSE,FALSE,FALSE,FALSE,איף איי ראן דה זו,
Universal Islands of Adventure|Attraction|Ollivanders – Hogsmeade,Universal Orlando,Universal Islands of Adventure,Theme Park,Hogsmeade,Attraction,Ollivanders – Hogsmeade,Interactive dark ride,1,Valid admission to Universal Islands of Adventure (1-Day park ticket or eligible multi-day/Annual/Seasonal Pass).,Not confirmed on the current official source used for this row; check the Universal app/official attraction page before buying Express.,No separate ride reservation normally required; use standby/approved access options. Check Universal app for day-of changes.,Yes,Open / current,N/A,N/A,N/A,N/A,N/A,2026-08-24,2010,7,N/A,N/A,N/A,N/A,indoor,TRUE,N/A,FALSE,none,none,remain_in_wheelchair,FALSE,TRUE,FALSE,FALSE,FALSE,אוליבנדרס – הוגסמיד,
Universal Islands of Adventure|Entertainment|Meet the Marvel Super Heroes,Universal Orlando,Universal Islands of Adventure,Theme Park,Marvel Super Hero Island,Entertainment,Meet the Marvel Super Heroes,Character show,1,Valid admission to Universal Islands of Adventure (1-Day park ticket or eligible multi-day/Annual/Seasonal Pass).,Not confirmed on the current official source used for this row; check the Universal app/official attraction page before buying Express.,No separate reservation normally required; check showtimes in Universal app.,Yes,Open / current,N/A,N/A,N/A,N/A,N/A,2026-08-24,1999,N/A,N/A,N/A,N/A,N/A,mixed,N/A,N/A,FALSE,none,N/A,remain_in_wheelchair,FALSE,FALSE,N/A,FALSE,FALSE,מיט דה מארוול סופר הירוז,
Universal Islands of Adventure|Entertainment|Classic Comic Strip Characters,Universal Orlando,Universal Islands of Adventure,Theme Park,Toon Lagoon,Entertainment,Classic Comic Strip Characters,Character show,1,Valid admission to Universal Islands of Adventure (1-Day park ticket or eligible multi-day/Annual/Seasonal Pass).,Not confirmed on the current official source used for this row; check the Universal app/official attraction page before buying Express.,No separate reservation normally required; check showtimes in Universal app.,Yes,Open / current,N/A,N/A,N/A,N/A,N/A,2026-08-24,1999,N/A,N/A,N/A,N/A,N/A,mixed,N/A,N/A,FALSE,none,N/A,remain_in_wheelchair,FALSE,FALSE,N/A,FALSE,FALSE,קלאסיק קומיק סטריפ קרקטרס,
Universal Islands of Adventure|Entertainment|Frog Choir,Universal Orlando,Universal Islands of Adventure,Theme Park,Hogsmeade,Entertainment,Frog Choir,Live music,1,Valid admission to Universal Islands of Adventure (1-Day park ticket or eligible multi-day/Annual/Seasonal Pass).,Not confirmed on the current official source used for this row; check the Universal app/official attraction page before buying Express.,No separate reservation normally required; check showtimes in Universal app.,Yes,Open / current,N/A,N/A,N/A,N/A,N/A,2026-08-24,2010,10,N/A,N/A,N/A,N/A,mixed,N/A,N/A,FALSE,none,N/A,remain_in_wheelchair,FALSE,FALSE,N/A,FALSE,FALSE,פרוג קווייר,
Universal Islands of Adventure|Entertainment|Triwizard Spirit Rally,Universal Orlando,Universal Islands of Adventure,Theme Park,Hogsmeade,Entertainment,Triwizard Spirit Rally,Stage show,1,Valid admission to Universal Islands of Adventure (1-Day park ticket or eligible multi-day/Annual/Seasonal Pass).,Not confirmed on the current official source used for this row; check the Universal app/official attraction page before buying Express.,No separate reservation normally required; check showtimes in Universal app.,Yes,Open / current,N/A,N/A,N/A,N/A,N/A,2026-08-24,2010,10,N/A,N/A,N/A,N/A,mixed,N/A,N/A,FALSE,none,N/A,remain_in_wheelchair,FALSE,FALSE,N/A,TRUE,FALSE,טריוויזרד ספיריט ראלי,
Universal Islands of Adventure|Entertainment|Oh! The Stories You'll Hear!,Universal Orlando,Universal Islands of Adventure,Theme Park,Seuss Landing,Entertainment,Oh! The Stories You'll Hear!,Stage show,1,Valid admission to Universal Islands of Adventure (1-Day park ticket or eligible multi-day/Annual/Seasonal Pass).,Not confirmed on the current official source used for this row; check the Universal app/official attraction page before buying Express.,No separate reservation normally required; check showtimes in Universal app.,Yes,Open / current,N/A,N/A,N/A,N/A,N/A,2026-08-24,1999,20,N/A,N/A,N/A,N/A,mixed,N/A,N/A,FALSE,none,N/A,remain_in_wheelchair,FALSE,FALSE,N/A,FALSE,FALSE,או! דה סטוריז יול היר,
Universal Islands of Adventure|Entertainment|Dr. Seuss Character Zone,Universal Orlando,Universal Islands of Adventure,Theme Park,Seuss Landing,Entertainment,Dr. Seuss Character Zone,Character show,1,Valid admission to Universal Islands of Adventure (1-Day park ticket or eligible multi-day/Annual/Seasonal Pass).,Not confirmed on the current official source used for this row; check the Universal app/official attraction page before buying Express.,No separate reservation normally required; check showtimes in Universal app.,Yes,Open / current,N/A,N/A,N/A,N/A,N/A,2026-08-24,1999,N/A,N/A,N/A,N/A,N/A,mixed,N/A,N/A,FALSE,none,N/A,remain_in_wheelchair,FALSE,FALSE,N/A,FALSE,FALSE,דוקטור סוס קרקטר זון,
Universal Epic Universe|Attraction|Stardust Racers,Universal Orlando,Universal Epic Universe,Theme Park,Celestial Park,Attraction,Stardust Racers,Launch coaster,4,Valid admission to Universal Epic Universe (1-Day Epic Universe ticket or eligible multi-day/pass product that includes Epic Universe).,Not confirmed on the current official source used for this row; check the Universal app/official attraction page before buying Express.,No separate ride reservation normally required; use standby/approved access options. Check Universal app for day-of changes.,Yes,Open / current,N/A,N/A,N/A,N/A,N/A,2026-08-24,2025,2,100,5,TRUE,FALSE,outdoor,FALSE,FALSE,FALSE,122,none,transfer_to_ride_vehicle,TRUE,False,True,True,False,סטארדאסט רייסרס,
Universal Epic Universe|Attraction|Constellation Carousel,Universal Orlando,Universal Epic Universe,Theme Park,Celestial Park,Attraction,Constellation Carousel,Carousel,1,Valid admission to Universal Epic Universe (1-Day Epic Universe ticket or eligible multi-day/pass product that includes Epic Universe).,Not confirmed on the current official source used for this row; check the Universal app/official attraction page before buying Express.,No separate ride reservation normally required; use standby/approved access options. Check Universal app for day-of changes.,Yes,Open / current,N/A,N/A,N/A,N/A,N/A,2026-08-24,2025,3,N/A,N/A,FALSE,TRUE,outdoor,FALSE,FALSE,FALSE,none,none,transfer_to_ride_vehicle,FALSE,False,False,False,False,קונסטליישן קרוסל,
Universal Epic Universe|Attraction|Astronomica,Universal Orlando,Universal Epic Universe,Theme Park,Celestial Park,Attraction,Astronomica,Water play area,1,Valid admission to Universal Epic Universe (1-Day Epic Universe ticket or eligible multi-day/pass product that includes Epic Universe).,Not confirmed on the current official source used for this row; check the Universal app/official attraction page before buying Express.,No separate ride reservation normally required; use standby/approved access options. Check Universal app for day-of changes.,Yes,Open / current,N/A,N/A,N/A,N/A,N/A,2026-08-24,2025,N/A,N/A,N/A,N/A,N/A,outdoor,FALSE,N/A,N/A,none,none,remain_in_wheelchair,FALSE,False,False,False,False,אסטרונומיקה,
Universal Epic Universe|Attraction|Monsters Unchained: The Frankenstein Experiment,Universal Orlando,Universal Epic Universe,Theme Park,Dark Universe,Attraction,Monsters Unchained: The Frankenstein Experiment,Dark ride,3,Valid admission to Universal Epic Universe (1-Day Epic Universe ticket or eligible multi-day/pass product that includes Epic Universe).,Not confirmed on the current official source used for this row; check the Universal app/official attraction page before buying Express.,No separate ride reservation normally required; use standby/approved access options. Check Universal app for day-of changes.,Yes,Open / current,N/A,N/A,N/A,N/A,N/A,2026-08-24,2025,5,N/A,N/A,FALSE,TRUE,indoor,TRUE,FALSE,TRUE,122,none,transfer_to_ride_vehicle,FALSE,True,False,True,True,מונסטרס אנצ'יינד: דה פרנקנשטיין אקספרימנט,
Universal Epic Universe|Attraction|Curse of the Werewolf,Universal Orlando,Universal Epic Universe,Theme Park,Dark Universe,Attraction,Curse of the Werewolf,Spinning coaster,3,Valid admission to Universal Epic Universe (1-Day Epic Universe ticket or eligible multi-day/pass product that includes Epic Universe).,Not confirmed on the current official source used for this row; check the Universal app/official attraction page before buying Express.,No separate ride reservation normally required; use standby/approved access options. Check Universal app for day-of changes.,Yes,Open / current,N/A,N/A,N/A,N/A,N/A,2026-08-24,2025,2,60,N/A,FALSE,TRUE,outdoor,FALSE,FALSE,FALSE,102,none,transfer_to_ride_vehicle,TRUE,False,True,True,False,קרס אוף דה וורוולף,
Universal Epic Universe|Attraction|Harry Potter and the Battle at the Ministry,Universal Orlando,Universal Epic Universe,Theme Park,The Wizarding World of Harry Potter – Ministry of Magic,Attraction,Harry Potter and the Battle at the Ministry,Dark ride,3,Valid admission to Universal Epic Universe (1-Day Epic Universe ticket or eligible multi-day/pass product that includes Epic Universe).,Optional paid: Universal Express Pass at this attraction. Separate valid Epic Universe admission is still required.,No separate ride reservation normally required; use standby/approved access options. Check Universal app for day-of changes.,Yes,Open / current,N/A,N/A,N/A,N/A,N/A,2026-08-24,2025,7,N/A,N/A,FALSE,TRUE,indoor,TRUE,TRUE,TRUE,102,none,transfer_to_ride_vehicle,TRUE,True,False,True,True,הארי פוטר אנד דה באטל אט דה מיניסטרי,מיניסטרי
Universal Epic Universe|Attraction|Mario Kart: Bowser's Challenge,Universal Orlando,Universal Epic Universe,Theme Park,SUPER NINTENDO WORLD,Attraction,Mario Kart: Bowser's Challenge,3D / 4D ride,2,Valid admission to Universal Epic Universe (1-Day Epic Universe ticket or eligible multi-day/pass product that includes Epic Universe).,Optional paid: Universal Express Pass at this attraction. Separate valid Epic Universe admission is still required.,No separate ride reservation normally required; use standby/approved access options. Check Universal app for day-of changes.,Yes,Open / current,N/A,N/A,N/A,N/A,N/A,2026-08-24,2025,5,N/A,N/A,FALSE,TRUE,indoor,TRUE,TRUE,TRUE,102,none,transfer_to_ride_vehicle,TRUE,True,False,True,True,מריו קארט: באוזרס צ'אלנג',מריו קארט
Universal Epic Universe|Attraction|Mine-Cart Madness,Universal Orlando,Universal Epic Universe,Theme Park,SUPER NINTENDO WORLD – Donkey Kong Country,Attraction,Mine-Cart Madness,Roller coaster,3,Valid admission to Universal Epic Universe (1-Day Epic Universe ticket or eligible multi-day/pass product that includes Epic Universe).,Not confirmed on the current official source used for this row; check the Universal app/official attraction page before buying Express.,No separate ride reservation normally required; use standby/approved access options. Check Universal app for day-of changes.,Yes,Open / current,N/A,N/A,N/A,N/A,N/A,2026-08-24,2025,3,,N/A,TRUE,FALSE,outdoor,FALSE,FALSE,FALSE,102,none,transfer_to_ride_vehicle,TRUE,False,True,True,False,מיין-קארט מדנס,
Universal Epic Universe|Attraction|Yoshi's Adventure,Universal Orlando,Universal Epic Universe,Theme Park,SUPER NINTENDO WORLD,Attraction,Yoshi's Adventure,Dark ride,1,Valid admission to Universal Epic Universe (1-Day Epic Universe ticket or eligible multi-day/pass product that includes Epic Universe).,Not confirmed on the current official source used for this row; check the Universal app/official attraction page before buying Express.,No separate ride reservation normally required; use standby/approved access options. Check Universal app for day-of changes.,Yes,Open / current,N/A,N/A,N/A,N/A,N/A,2026-08-24,2025,5,N/A,N/A,FALSE,FALSE,outdoor,FALSE,FALSE,FALSE,86,none,transfer_to_ride_vehicle,FALSE,False,False,False,False,יושיז אדוונצ'ר,
Universal Epic Universe|Attraction|Hiccup's Wing Gliders,Universal Orlando,Universal Epic Universe,Theme Park,How to Train Your Dragon – Isle of Berk,Attraction,Hiccup's Wing Gliders,Launch coaster,3,Valid admission to Universal Epic Universe (1-Day Epic Universe ticket or eligible multi-day/pass product that includes Epic Universe).,Not confirmed on the current official source used for this row; check the Universal app/official attraction page before buying Express.,No separate ride reservation normally required; use standby/approved access options. Check Universal app for day-of changes.,Yes,Open / current,N/A,N/A,N/A,N/A,N/A,2026-08-24,2025,2,72,0,TRUE,FALSE,outdoor,FALSE,FALSE,FALSE,102,none,transfer_to_ride_vehicle,TRUE,False,True,False,False,היקאפס ווינג גליידרס,
Universal Epic Universe|Attraction|Dragon Racer's Rally,Universal Orlando,Universal Epic Universe,Theme Park,How to Train Your Dragon – Isle of Berk,Attraction,Dragon Racer's Rally,Spinner,3,Valid admission to Universal Epic Universe (1-Day Epic Universe ticket or eligible multi-day/pass product that includes Epic Universe).,Not confirmed on the current official source used for this row; check the Universal app/official attraction page before buying Express.,No separate ride reservation normally required; use standby/approved access options. Check Universal app for day-of changes.,Yes,Open / current,N/A,N/A,N/A,N/A,N/A,2026-08-24,2025,3,N/A,N/A,FALSE,TRUE,outdoor,FALSE,FALSE,FALSE,122,none,transfer_to_ride_vehicle,TRUE,False,True,True,False,דראגון רייסרס ראלי,
Universal Epic Universe|Attraction|Fyre Drill,Universal Orlando,Universal Epic Universe,Theme Park,How to Train Your Dragon – Isle of Berk,Attraction,Fyre Drill,Log flume,1,Valid admission to Universal Epic Universe (1-Day Epic Universe ticket or eligible multi-day/pass product that includes Epic Universe).,Not confirmed on the current official source used for this row; check the Universal app/official attraction page before buying Express.,No separate ride reservation normally required; use standby/approved access options. Check Universal app for day-of changes.,Yes,Open / current,N/A,N/A,N/A,N/A,N/A,2026-08-24,2025,5,N/A,N/A,FALSE,FALSE,outdoor,FALSE,FALSE,FALSE,none,may_get_wet,transfer_to_ride_vehicle,FALSE,False,False,False,False,פייר דריל,
Universal Epic Universe|Attraction|Viking Training Camp,Universal Orlando,Universal Epic Universe,Theme Park,How to Train Your Dragon – Isle of Berk,Attraction,Viking Training Camp,Play area,1,Valid admission to Universal Epic Universe (1-Day Epic Universe ticket or eligible multi-day/pass product that includes Epic Universe).,Not confirmed on the current official source used for this row; check the Universal app/official attraction page before buying Express.,No separate ride reservation normally required; use standby/approved access options. Check Universal app for day-of changes.,Yes,Open / current,N/A,N/A,N/A,N/A,N/A,2026-08-24,2025,N/A,N/A,N/A,N/A,N/A,outdoor,FALSE,N/A,N/A,none,none,remain_in_wheelchair,FALSE,False,False,False,False,וייקינג טריינינג קאמפ,
Universal Epic Universe|Attraction|Darkmoor Monster Makeup Experience,Universal Orlando,Universal Epic Universe,Theme Park,Dark Universe,Attraction,Darkmoor Monster Makeup Experience,Makeover experience,1,Valid admission to Universal Epic Universe (1-Day Epic Universe ticket or eligible multi-day/pass product that includes Epic Universe).,Not confirmed on the current official source used for this row; check the Universal app/official attraction page before buying Express.,Separate paid experience reservation/ticket required in addition to valid Epic Universe admission. Check current official pricing/availability.,No – separate paid experience in addition to park admission,Open / current,N/A,N/A,N/A,N/A,N/A,2026-08-24,2025,N/A,N/A,N/A,N/A,N/A,outdoor,FALSE,N/A,N/A,none,none,remain_in_wheelchair,FALSE,False,False,False,False,דארקמור מונסטר מייק-אפ אקספיריינס,
Universal Epic Universe|Entertainment|Le Cirque Arcanus,Universal Orlando,Universal Epic Universe,Theme Park,The Wizarding World of Harry Potter – Ministry of Magic,Entertainment,Le Cirque Arcanus,Stage show,1,Valid admission to Universal Epic Universe (1-Day Epic Universe ticket or eligible multi-day/pass product that includes Epic Universe).,Not confirmed on the current official source used for this row; check the Universal app/official attraction page before buying Express.,No separate reservation normally required; check showtimes in Universal app.,Yes,Open / current,N/A,N/A,N/A,N/A,N/A,2026-08-24,2025,20,N/A,N/A,N/A,N/A,mixed,N/A,N/A,TRUE,none,N/A,remain_in_wheelchair,FALSE,True,N/A,True,True,לה סירק ארקנוס,
Universal Epic Universe|Entertainment|The Untrainable Dragon,Universal Orlando,Universal Epic Universe,Theme Park,How to Train Your Dragon – Isle of Berk,Entertainment,The Untrainable Dragon,Stage show,1,Valid admission to Universal Epic Universe (1-Day Epic Universe ticket or eligible multi-day/pass product that includes Epic Universe).,Not confirmed on the current official source used for this row; check the Universal app/official attraction page before buying Express.,No separate reservation normally required; check showtimes in Universal app.,Yes,Open / current,N/A,N/A,N/A,N/A,N/A,2026-08-24,2025,20,N/A,N/A,N/A,N/A,mixed,N/A,N/A,FALSE,none,N/A,remain_in_wheelchair,FALSE,True,N/A,True,True,דה אנטריינבל דראגון,
Universal Epic Universe|Entertainment|Dark Universe Character Meet & Greet,Universal Orlando,Universal Epic Universe,Theme Park,Dark Universe,Entertainment,Dark Universe Character Meet & Greet,Character show,1,Valid admission to Universal Epic Universe (1-Day Epic Universe ticket or eligible multi-day/pass product that includes Epic Universe).,Not confirmed on the current official source used for this row; check the Universal app/official attraction page before buying Express.,No separate reservation normally required; check showtimes in Universal app.,Yes,Open / current,N/A,N/A,N/A,N/A,N/A,2026-08-24,2025,N/A,N/A,N/A,N/A,N/A,mixed,N/A,N/A,FALSE,none,N/A,remain_in_wheelchair,FALSE,False,N/A,False,False,דארק יוניברס קרקטר מיט אנד גריט,
"Universal Epic Universe|Entertainment|Meet Mario, Luigi, Princess Peach and Toad",Universal Orlando,Universal Epic Universe,Theme Park,SUPER NINTENDO WORLD,Entertainment,"Meet Mario, Luigi, Princess Peach and Toad",Character show,1,Valid admission to Universal Epic Universe (1-Day Epic Universe ticket or eligible multi-day/pass product that includes Epic Universe).,Not confirmed on the current official source used for this row; check the Universal app/official attraction page before buying Express.,No separate reservation normally required; check showtimes in Universal app.,Yes,Open / current,N/A,N/A,N/A,N/A,N/A,2026-08-24,2025,N/A,N/A,N/A,N/A,N/A,mixed,N/A,N/A,FALSE,none,N/A,remain_in_wheelchair,FALSE,False,N/A,False,False,"מיט מריו, לואיג'י, פרינסס פיץ' וטואד",
Universal Epic Universe|Entertainment|Meet Donkey Kong,Universal Orlando,Universal Epic Universe,Theme Park,SUPER NINTENDO WORLD – Donkey Kong Country,Entertainment,Meet Donkey Kong,Character show,1,Valid admission to Universal Epic Universe (1-Day Epic Universe ticket or eligible multi-day/pass product that includes Epic Universe).,Not confirmed on the current official source used for this row; check the Universal app/official attraction page before buying Express.,No separate reservation normally required; check showtimes in Universal app.,Yes,Open / current,N/A,N/A,N/A,N/A,N/A,2026-08-24,2025,N/A,N/A,N/A,N/A,N/A,mixed,N/A,N/A,FALSE,none,N/A,remain_in_wheelchair,FALSE,False,N/A,False,False,מיט דונקי קונג,
Universal Epic Universe|Entertainment|Meet Toothless and Friends,Universal Orlando,Universal Epic Universe,Theme Park,How to Train Your Dragon – Isle of Berk,Entertainment,Meet Toothless and Friends,Character show,1,Valid admission to Universal Epic Universe (1-Day Epic Universe ticket or eligible multi-day/pass product that includes Epic Universe).,Not confirmed on the current official source used for this row; check the Universal app/official attraction page before buying Express.,No separate reservation normally required; check showtimes in Universal app.,Yes,Open / current,N/A,N/A,N/A,N/A,N/A,2026-08-24,2025,N/A,N/A,N/A,N/A,N/A,mixed,N/A,N/A,FALSE,none,N/A,remain_in_wheelchair,FALSE,False,N/A,False,False,מיט טות'לס אנד פרנדס,
Universal Volcano Bay|Attraction|Kala and Tai Nui Serpentine Body Slides,Universal Orlando,Universal Volcano Bay,Water Park,Rainforest Village,Attraction,Kala and Tai Nui Serpentine Body Slides,Body slide,4,Valid admission to Universal Volcano Bay or an eligible multi-park/pass product that includes Volcano Bay.,Volcano Bay Express/Express Plus may be available at participating attractions; verify this specific attraction in the current Universal app/map before purchase.,No separate ride reservation normally required; use standby/approved access options. Check Universal app for day-of changes.,Yes,"Open as of Aug 24, 2026. Planned park maintenance closure begins Oct 26, 2026.",N/A,N/A,N/A,N/A,N/A,2026-08-24,2017,N/A,N/A,N/A,TRUE,TRUE,outdoor,N/A,N/A,N/A,122,may_get_soaked,must_be_ambulatory,FALSE,True,True,True,False,קאלה וטאי נוי סרפנטיין בודי סליידס,
Universal Volcano Bay|Attraction|Ohyah of Ohyah and Ohno Drop Slides,Universal Orlando,Universal Volcano Bay,Water Park,Rainforest Village,Attraction,Ohyah of Ohyah and Ohno Drop Slides,Body slide,4,Valid admission to Universal Volcano Bay or an eligible multi-park/pass product that includes Volcano Bay.,Volcano Bay Express/Express Plus may be available at participating attractions; verify this specific attraction in the current Universal app/map before purchase.,No separate ride reservation normally required; use standby/approved access options. Check Universal app for day-of changes.,Yes,"Open as of Aug 24, 2026. Planned park maintenance closure begins Oct 26, 2026.",N/A,N/A,N/A,N/A,N/A,2026-08-24,2017,N/A,N/A,N/A,TRUE,FALSE,outdoor,N/A,N/A,N/A,122,may_get_soaked,must_be_ambulatory,FALSE,False,True,True,False,אוהיה אוף אוהיה אנד אוהנו דרופ סליידס,
Universal Volcano Bay|Attraction|Ohno of Ohyah and Ohno Drop Slides,Universal Orlando,Universal Volcano Bay,Water Park,Rainforest Village,Attraction,Ohno of Ohyah and Ohno Drop Slides,Body slide,4,Valid admission to Universal Volcano Bay or an eligible multi-park/pass product that includes Volcano Bay.,Volcano Bay Express/Express Plus may be available at participating attractions; verify this specific attraction in the current Universal app/map before purchase.,No separate ride reservation normally required; use standby/approved access options. Check Universal app for day-of changes.,Yes,"Open as of Aug 24, 2026. Planned park maintenance closure begins Oct 26, 2026.",N/A,N/A,N/A,N/A,N/A,2026-08-24,2017,N/A,N/A,N/A,TRUE,FALSE,outdoor,N/A,N/A,N/A,122,may_get_soaked,must_be_ambulatory,FALSE,False,True,True,False,אוהנו אוף אוהיה אנד אוהנו דרופ סליידס,
Universal Volcano Bay|Attraction|Puka Uli Lagoon,Universal Orlando,Universal Volcano Bay,Water Park,Rainforest Village,Attraction,Puka Uli Lagoon,Wave pool,1,Valid admission to Universal Volcano Bay or an eligible multi-park/pass product that includes Volcano Bay.,Volcano Bay Express/Express Plus may be available at participating attractions; verify this specific attraction in the current Universal app/map before purchase.,No separate ride reservation normally required; use standby/approved access options. Check Universal app for day-of changes.,Yes,"Open as of Aug 24, 2026. Planned park maintenance closure begins Oct 26, 2026.",N/A,N/A,N/A,N/A,N/A,2026-08-24,2017,N/A,N/A,N/A,N/A,N/A,outdoor,N/A,N/A,N/A,none,may_get_soaked,remain_in_wheelchair,FALSE,False,False,False,False,פוקה אולי לגון,
Universal Volcano Bay|Attraction|Maku of Maku Puihi Round Raft Rides,Universal Orlando,Universal Volcano Bay,Water Park,Rainforest Village,Attraction,Maku of Maku Puihi Round Raft Rides,River rapids,3,Valid admission to Universal Volcano Bay or an eligible multi-park/pass product that includes Volcano Bay.,Volcano Bay Express/Express Plus may be available at participating attractions; verify this specific attraction in the current Universal app/map before purchase.,No separate ride reservation normally required; use standby/approved access options. Check Universal app for day-of changes.,Yes,"Open as of Aug 24, 2026. Planned park maintenance closure begins Oct 26, 2026.",N/A,N/A,N/A,N/A,N/A,2026-08-24,2017,N/A,N/A,N/A,TRUE,TRUE,outdoor,N/A,N/A,N/A,107,may_get_soaked,transfer_to_ride_vehicle,TRUE,False,False,False,False,מאקו אוף מאקו פויהי ראונד ראפט ריידס,
Universal Volcano Bay|Attraction|Puihi of Maku Puihi Round Raft Rides,Universal Orlando,Universal Volcano Bay,Water Park,Rainforest Village,Attraction,Puihi of Maku Puihi Round Raft Rides,River rapids,4,Valid admission to Universal Volcano Bay or an eligible multi-park/pass product that includes Volcano Bay.,Volcano Bay Express/Express Plus may be available at participating attractions; verify this specific attraction in the current Universal app/map before purchase.,No separate ride reservation normally required; use standby/approved access options. Check Universal app for day-of changes.,Yes,"Open as of Aug 24, 2026. Planned park maintenance closure begins Oct 26, 2026.",N/A,N/A,N/A,N/A,N/A,2026-08-24,2017,N/A,N/A,N/A,TRUE,TRUE,outdoor,N/A,N/A,N/A,107,may_get_soaked,transfer_to_ride_vehicle,TRUE,True,False,False,False,פויהי אוף מאקו פויהי ראונד ראפט ריידס,
Universal Volcano Bay|Attraction|TeAwa The Fearless River,Universal Orlando,Universal Volcano Bay,Water Park,Rainforest Village,Attraction,TeAwa The Fearless River,River rapids,3,Valid admission to Universal Volcano Bay or an eligible multi-park/pass product that includes Volcano Bay.,Volcano Bay Express/Express Plus may be available at participating attractions; verify this specific attraction in the current Universal app/map before purchase.,No separate ride reservation normally required; use standby/approved access options. Check Universal app for day-of changes.,Yes,"Open as of Aug 24, 2026. Planned park maintenance closure begins Oct 26, 2026.",N/A,N/A,N/A,N/A,N/A,2026-08-24,2017,N/A,N/A,N/A,FALSE,FALSE,outdoor,N/A,N/A,N/A,107,may_get_soaked,transfer_to_ride_vehicle,FALSE,False,False,True,False,טה אווה דה פירלס ריבר,
Universal Volcano Bay|Attraction|Punga Racers,Universal Orlando,Universal Volcano Bay,Water Park,Rainforest Village,Attraction,Punga Racers,Mat racing slide,3,Valid admission to Universal Volcano Bay or an eligible multi-park/pass product that includes Volcano Bay.,Volcano Bay Express/Express Plus may be available at participating attractions; verify this specific attraction in the current Universal app/map before purchase.,No separate ride reservation normally required; use standby/approved access options. Check Universal app for day-of changes.,Yes,"Open as of Aug 24, 2026. Planned park maintenance closure begins Oct 26, 2026.",N/A,N/A,N/A,N/A,N/A,2026-08-24,2017,N/A,N/A,N/A,TRUE,FALSE,outdoor,N/A,N/A,N/A,107,may_get_soaked,must_be_ambulatory,FALSE,True,False,True,False,פונגה רייסרס,
Universal Volcano Bay|Attraction|Krakatau Aqua Coaster,Universal Orlando,Universal Volcano Bay,Water Park,Krakatau,Attraction,Krakatau Aqua Coaster,Water coaster,4,Valid admission to Universal Volcano Bay or an eligible multi-park/pass product that includes Volcano Bay.,Volcano Bay Express/Express Plus may be available at participating attractions; verify this specific attraction in the current Universal app/map before purchase.,No separate ride reservation normally required; use standby/approved access options. Check Universal app for day-of changes.,Yes,"Open as of Aug 24, 2026. Planned park maintenance closure begins Oct 26, 2026.",N/A,N/A,N/A,N/A,N/A,2026-08-24,2017,N/A,N/A,N/A,TRUE,TRUE,outdoor,N/A,N/A,N/A,107,may_get_soaked,transfer_to_ride_vehicle,FALSE,False,False,True,False,קראקטאו אקווה קוסטר,קראקטאו
Universal Volcano Bay|Attraction|Runamukka Reef,Universal Orlando,Universal Volcano Bay,Water Park,River Village,Attraction,Runamukka Reef,Water play area,1,Valid admission to Universal Volcano Bay or an eligible multi-park/pass product that includes Volcano Bay.,Volcano Bay Express/Express Plus may be available at participating attractions; verify this specific attraction in the current Universal app/map before purchase.,No separate ride reservation normally required; use standby/approved access options. Check Universal app for day-of changes.,Yes,"Open as of Aug 24, 2026. Planned park maintenance closure begins Oct 26, 2026.",N/A,N/A,N/A,N/A,N/A,2026-08-24,2017,N/A,N/A,N/A,N/A,N/A,outdoor,N/A,N/A,N/A,137,may_get_soaked,remain_in_wheelchair,FALSE,False,False,False,False,רונאמוקה ריף,
Universal Volcano Bay|Attraction|Tot Tiki Reef,Universal Orlando,Universal Volcano Bay,Water Park,River Village,Attraction,Tot Tiki Reef,Water play area,1,Valid admission to Universal Volcano Bay or an eligible multi-park/pass product that includes Volcano Bay.,Volcano Bay Express/Express Plus may be available at participating attractions; verify this specific attraction in the current Universal app/map before purchase.,No separate ride reservation normally required; use standby/approved access options. Check Universal app for day-of changes.,Yes,"Open as of Aug 24, 2026. Planned park maintenance closure begins Oct 26, 2026.",N/A,N/A,N/A,N/A,N/A,2026-08-24,2017,N/A,N/A,N/A,N/A,N/A,outdoor,N/A,N/A,N/A,122,may_get_soaked,remain_in_wheelchair,FALSE,False,False,False,False,טוט טיקי ריף,
Universal Volcano Bay|Attraction|Kopiko Wai Winding River,Universal Orlando,Universal Volcano Bay,Water Park,River Village,Attraction,Kopiko Wai Winding River,Lazy river,1,Valid admission to Universal Volcano Bay or an eligible multi-park/pass product that includes Volcano Bay.,Volcano Bay Express/Express Plus may be available at participating attractions; verify this specific attraction in the current Universal app/map before purchase.,No separate ride reservation normally required; use standby/approved access options. Check Universal app for day-of changes.,Yes,"Open as of Aug 24, 2026. Planned park maintenance closure begins Oct 26, 2026.",N/A,N/A,N/A,N/A,N/A,2026-08-24,2017,N/A,N/A,N/A,FALSE,FALSE,outdoor,N/A,N/A,N/A,none,may_get_soaked,transfer_to_ride_vehicle,FALSE,True,False,False,False,קופיקו וואי וויינדינג ריבר,
Universal Volcano Bay|Attraction|Honu of Honu ika Moana,Universal Orlando,Universal Volcano Bay,Water Park,Wave Village,Attraction,Honu of Honu ika Moana,Tube / raft slide,4,Valid admission to Universal Volcano Bay or an eligible multi-park/pass product that includes Volcano Bay.,Volcano Bay Express/Express Plus may be available at participating attractions; verify this specific attraction in the current Universal app/map before purchase.,No separate ride reservation normally required; use standby/approved access options. Check Universal app for day-of changes.,Yes,"Open as of Aug 24, 2026. Planned park maintenance closure begins Oct 26, 2026.",N/A,N/A,N/A,N/A,N/A,2026-08-24,2017,N/A,N/A,N/A,TRUE,TRUE,outdoor,N/A,N/A,N/A,122,may_get_soaked,transfer_to_ride_vehicle,TRUE,False,True,False,False,הונו אוף הונו איקה מואנה,
Universal Volcano Bay|Attraction|ika Moana of Honu ika Moana,Universal Orlando,Universal Volcano Bay,Water Park,Wave Village,Attraction,ika Moana of Honu ika Moana,Tube / raft slide,3,Valid admission to Universal Volcano Bay or an eligible multi-park/pass product that includes Volcano Bay.,Volcano Bay Express/Express Plus may be available at participating attractions; verify this specific attraction in the current Universal app/map before purchase.,No separate ride reservation normally required; use standby/approved access options. Check Universal app for day-of changes.,Yes,"Open as of Aug 24, 2026. Planned park maintenance closure begins Oct 26, 2026.",N/A,N/A,N/A,N/A,N/A,2026-08-24,2017,N/A,N/A,N/A,TRUE,TRUE,outdoor,N/A,N/A,N/A,107,may_get_soaked,transfer_to_ride_vehicle,TRUE,False,True,False,False,איקה מואנה אוף הונו איקה מואנה,
Universal Volcano Bay|Attraction|Ko'okiri Body Plunge,Universal Orlando,Universal Volcano Bay,Water Park,Krakatau,Attraction,Ko'okiri Body Plunge,Body slide,4,Valid admission to Universal Volcano Bay or an eligible multi-park/pass product that includes Volcano Bay.,Volcano Bay Express/Express Plus may be available at participating attractions; verify this specific attraction in the current Universal app/map before purchase.,No separate ride reservation normally required; use standby/approved access options. Check Universal app for day-of changes.,Yes,"Open as of Aug 24, 2026. Planned park maintenance closure begins Oct 26, 2026.",N/A,N/A,N/A,N/A,N/A,2026-08-24,2017,N/A,N/A,N/A,TRUE,FALSE,outdoor,N/A,N/A,N/A,122,may_get_soaked,must_be_ambulatory,FALSE,True,True,True,False,קואוקירי בודי פלאנג',
Universal Volcano Bay|Attraction|The Reef,Universal Orlando,Universal Volcano Bay,Water Park,Wave Village,Attraction,The Reef,Wave pool,1,Valid admission to Universal Volcano Bay or an eligible multi-park/pass product that includes Volcano Bay.,Volcano Bay Express/Express Plus may be available at participating attractions; verify this specific attraction in the current Universal app/map before purchase.,No separate ride reservation normally required; use standby/approved access options. Check Universal app for day-of changes.,Yes,"Open as of Aug 24, 2026. Planned park maintenance closure begins Oct 26, 2026.",N/A,N/A,N/A,N/A,N/A,2026-08-24,2017,N/A,N/A,N/A,N/A,N/A,outdoor,N/A,N/A,N/A,none,may_get_soaked,remain_in_wheelchair,FALSE,False,False,False,False,דה ריף,
Universal Volcano Bay|Attraction|Waturi Beach,Universal Orlando,Universal Volcano Bay,Water Park,Wave Village,Attraction,Waturi Beach,Wave pool,2,Valid admission to Universal Volcano Bay or an eligible multi-park/pass product that includes Volcano Bay.,Volcano Bay Express/Express Plus may be available at participating attractions; verify this specific attraction in the current Universal app/map before purchase.,No separate ride reservation normally required; use standby/approved access options. Check Universal app for day-of changes.,Yes,"Open as of Aug 24, 2026. Planned park maintenance closure begins Oct 26, 2026.",N/A,N/A,N/A,N/A,N/A,2026-08-24,2017,N/A,N/A,N/A,TRUE,FALSE,outdoor,N/A,N/A,N/A,none,may_get_soaked,remain_in_wheelchair,FALSE,False,False,True,False,וואטורי ביץ',
Universal Volcano Bay|Entertainment|Meet Vol: the Spirit of Krakatau,Universal Orlando,Universal Volcano Bay,Water Park,Krakatau,Entertainment,Meet Vol: the Spirit of Krakatau,Character show,1,Valid admission to Universal Volcano Bay or an eligible multi-park/pass product that includes Volcano Bay.,Volcano Bay Express/Express Plus may be available at participating attractions; verify this specific attraction in the current Universal app/map before purchase.,No separate reservation normally required; check showtimes in Universal app.,Yes,Open / current,N/A,N/A,N/A,N/A,N/A,2026-08-24,2017,N/A,N/A,N/A,N/A,N/A,mixed,N/A,N/A,FALSE,none,N/A,remain_in_wheelchair,FALSE,False,N/A,False,False,מיט וול: דה ספיריט אוף קראקטאו,
Universal Studios Florida|Entertainment|Marilyn and the Diamond Bellas,Universal Orlando,Universal Studios Florida,Theme Park,Hollywood,Entertainment,Marilyn and the Diamond Bellas,Stage show,1,Valid admission to Universal Studios Florida (1-Day park ticket or eligible multi-day/Annual/Seasonal Pass).,Not confirmed on the current official source used for this row; check the Universal app/official attraction page before buying Express.,No separate reservation normally required; check showtimes in Universal app.,Yes,Open / current,N/A,N/A,N/A,N/A,N/A,2026-09-01,2016,5,N/A,N/A,N/A,N/A,mixed,N/A,N/A,FALSE,none,N/A,remain_in_wheelchair,FALSE,FALSE,N/A,TRUE,FALSE,מרילין אנד דה דיימונד בלאס,
Universal Studios Florida|Entertainment|Animal Actors On Location!,Universal Orlando,Universal Studios Florida,Theme Park,Hollywood,Entertainment,Animal Actors On Location!,Animal presentation,1,Valid admission to Universal Studios Florida (1-Day park ticket or eligible multi-day/Annual/Seasonal Pass).,Not confirmed on the current official source used for this row; check the Universal app/official attraction page before buying Express.,No separate reservation normally required; check showtimes in Universal app.,Yes,Open / current,N/A,N/A,N/A,N/A,N/A,2026-09-01,1990,20,N/A,N/A,N/A,N/A,mixed,N/A,N/A,TRUE,none,N/A,remain_in_wheelchair,FALSE,FALSE,N/A,FALSE,FALSE,אנימל אקטורס און לוקיישן,
Universal Studios Florida|Entertainment|Beat Builders,Universal Orlando,Universal Studios Florida,Theme Park,San Francisco,Entertainment,Beat Builders,Live music,1,Valid admission to Universal Studios Florida (1-Day park ticket or eligible multi-day/Annual/Seasonal Pass).,Not confirmed on the current official source used for this row; check the Universal app/official attraction page before buying Express.,No separate reservation normally required; check showtimes in Universal app.,Yes,Open / current,N/A,N/A,N/A,N/A,N/A,2026-09-01,2015,15,N/A,N/A,N/A,N/A,mixed,N/A,N/A,FALSE,none,N/A,remain_in_wheelchair,FALSE,FALSE,N/A,TRUE,FALSE,ביט בילדרס,
Universal Volcano Bay|Attraction|Tonga of Taniwha Tubes,Universal Orlando,Universal Volcano Bay,Water Park,Rainforest Village,Attraction,Tonga of Taniwha Tubes,Tube / raft slide,3,Valid admission to Universal Volcano Bay or an eligible multi-park/pass product that includes Volcano Bay.,Volcano Bay Express/Express Plus may be available at participating attractions; verify this specific attraction in the current Universal app/map before purchase.,No separate ride reservation normally required; use standby/approved access options. Check Universal app for day-of changes.,Yes,"Open as of Aug 24, 2026. Planned park maintenance closure begins Oct 26, 2026.",N/A,N/A,N/A,N/A,N/A,2026-09-07,2017,N/A,N/A,N/A,TRUE,TRUE,outdoor,N/A,N/A,N/A,107,may_get_soaked,transfer_to_ride_vehicle,TRUE,False,False,True,False,טאניווה טיובס,
Universal Volcano Bay|Attraction|Raki of Taniwha Tubes,Universal Orlando,Universal Volcano Bay,Water Park,Rainforest Village,Attraction,Raki of Taniwha Tubes,Tube / raft slide,3,Valid admission to Universal Volcano Bay or an eligible multi-park/pass product that includes Volcano Bay.,Volcano Bay Express/Express Plus may be available at participating attractions; verify this specific attraction in the current Universal app/map before purchase.,No separate ride reservation normally required; use standby/approved access options. Check Universal app for day-of changes.,Yes,"Open as of Aug 24, 2026. Planned park maintenance closure begins Oct 26, 2026.",N/A,N/A,N/A,N/A,N/A,2026-09-07,2017,N/A,N/A,N/A,TRUE,TRUE,outdoor,N/A,N/A,N/A,107,may_get_soaked,transfer_to_ride_vehicle,TRUE,True,False,True,False,טאניווה טיובס,
EPCOT|Entertainment|JAMMitors,Disney World,EPCOT,Theme Park,N/A,Entertainment,JAMMitors,Live music,1,Valid admission to EPCOT.,N/A,None,Yes,Open / current,N/A,N/A,N/A,N/A,N/A,2026-09-06,N/A,N/A,N/A,N/A,N/A,N/A,outdoor,N/A,N/A,N/A,none,N/A,remain_in_wheelchair,False,False,N/A,False,False,,
Disney's Animal Kingdom|Entertainment|Adventures with Kevin on Discovery Island,Disney World,Disney's Animal Kingdom,Theme Park,N/A,Entertainment,Adventures with Kevin on Discovery Island,Character meet,1,Valid admission to Disney's Animal Kingdom.,N/A,None,Yes,Open / current,N/A,N/A,N/A,N/A,N/A,2026-09-06,N/A,N/A,N/A,N/A,N/A,N/A,outdoor,N/A,N/A,N/A,none,N/A,remain_in_wheelchair,False,False,N/A,False,False,,
Disney's Animal Kingdom|Entertainment|Meet Favorite Disney Pals at Adventurers Outpost,Disney World,Disney's Animal Kingdom,Theme Park,N/A,Entertainment,Meet Favorite Disney Pals at Adventurers Outpost,Character meet,1,Valid admission to Disney's Animal Kingdom.,N/A,None,Yes,Open / current,N/A,N/A,N/A,N/A,N/A,2026-09-06,N/A,N/A,N/A,N/A,N/A,N/A,outdoor,N/A,N/A,N/A,none,N/A,remain_in_wheelchair,False,False,N/A,False,False,,
Disney's Animal Kingdom|Entertainment|Meet Moana at Character Landing,Disney World,Disney's Animal Kingdom,Theme Park,N/A,Entertainment,Meet Moana at Character Landing,Character meet,1,Valid admission to Disney's Animal Kingdom.,N/A,None,Yes,Status varies — see fill_notes,N/A,N/A,N/A,N/A,N/A,2026-09-06,N/A,N/A,N/A,N/A,N/A,N/A,outdoor,N/A,N/A,N/A,none,N/A,remain_in_wheelchair,False,False,N/A,False,False,,
Disney's Animal Kingdom|Entertainment|Zoogether Day Gathering Spot,Disney World,Disney's Animal Kingdom,Theme Park,N/A,Entertainment,Zoogether Day Gathering Spot,Character meet,1,Valid admission to Disney's Animal Kingdom.,N/A,None,Yes,Open / current,N/A,N/A,N/A,N/A,N/A,2026-09-06,N/A,N/A,N/A,N/A,N/A,N/A,outdoor,N/A,N/A,N/A,none,N/A,remain_in_wheelchair,False,False,N/A,False,False,,
Disney's Hollywood Studios|Entertainment|Green Army Drum Corps,Disney World,Disney's Hollywood Studios,Theme Park,N/A,Entertainment,Green Army Drum Corps,Live music,1,Valid admission to Disney's Hollywood Studios.,N/A,None,Yes,Open / current,N/A,N/A,N/A,N/A,N/A,2026-09-06,N/A,N/A,N/A,N/A,N/A,N/A,outdoor,N/A,N/A,N/A,none,N/A,remain_in_wheelchair,False,False,N/A,False,False,,
Disney's Hollywood Studios|Entertainment|Hollygroove Swingin',Disney World,Disney's Hollywood Studios,Theme Park,N/A,Entertainment,Hollygroove Swingin',Live music,1,Valid admission to Disney's Hollywood Studios.,N/A,None,Yes,Open / current,N/A,N/A,N/A,N/A,N/A,2026-09-06,N/A,N/A,N/A,N/A,N/A,N/A,outdoor,N/A,N/A,N/A,none,N/A,remain_in_wheelchair,False,False,N/A,False,False,,
Disney's Hollywood Studios|Entertainment|The Record Setters,Disney World,Disney's Hollywood Studios,Theme Park,N/A,Entertainment,The Record Setters,Stage show,1,Valid admission to Disney's Hollywood Studios.,N/A,None,Yes,Open / current,N/A,N/A,N/A,N/A,N/A,2026-09-06,N/A,N/A,N/A,N/A,N/A,N/A,outdoor,N/A,N/A,N/A,none,N/A,remain_in_wheelchair,False,False,N/A,False,False,,
